"GEOID","ALAND","AWATER","ELIGFY19","Tot18","ID18","Tot12","ID12","firstGEOID18","B1_ID18","B1_Tot18","B1_ID12","B1_Tot12","secondGEOID18","B2_ID18","B2_Tot18","B2_ID12","B2_Tot12","weightnum18","weightpov18","weightPerc18","weightnum12","weightpov12","weightPerc12"
"300750001001","8290127071","1565958","Yes",175,95,100,60,NA,NA,NA,NA,NA,NA,NA,NA,NA,NA,0,0,0,0,0,0
"300130003003","316858","0","No",115,20,80,20,"300130004002",130,190,110,150,"300130003002",225,365,120,230,375,670,55.9701492537313,250,460,54.3478260869565
"300630005001","597161","21119","Yes",15,15,0,0,NA,NA,NA,NA,NA,NA,NA,NA,NA,NA,0,0,0,0,0,0
"300739770004","528764","0","No",280,100,190,75,"300739770003",4,125,4,45,"300739770005",230,345,190,295,334,750,44.5333333333333,269,530,50.7547169811321
"300310010024","1262568","0","No",255,25,125,4,NA,NA,NA,NA,NA,NA,NA,NA,NA,NA,0,0,0,0,0,0
"300630010003","523462","0","Yes",290,185,170,130,NA,NA,NA,NA,NA,NA,NA,NA,NA,NA,0,0,0,0,0,0
"300290003004","868075","62197","No",145,40,115,20,NA,NA,NA,NA,NA,NA,NA,NA,NA,NA,0,0,0,0,0,0
"300130022003","743412","0","No",105,30,75,15,"300130008002",120,130,100,110,"300130009002",45,140,45,100,195,375,52,160,285,56.140350877193
"301110007053","690087","0","No",270,40,125,10,"301110007062",115,170,115,150,"301110007051",205,265,130,155,360,705,51.063829787234,255,430,59.3023255813954
"300890002001","897084152","19401118","Yes",150,45,70,30,NA,NA,NA,NA,NA,NA,NA,NA,NA,NA,0,0,0,0,0,0
"300490001001","1695504772","4023521","Yes",195,145,80,45,NA,NA,NA,NA,NA,NA,NA,NA,NA,NA,0,0,0,0,0,0
"300630009021","1118419332","3727812","No",575,180,375,125,NA,NA,NA,NA,NA,NA,NA,NA,NA,NA,0,0,0,0,0,0
"300410402002","884507058","1067908","No",320,40,195,4,"300150103004",380,465,205,245,"300410403004",135,135,85,85,555,920,60.3260869565217,294,525,56
"300290011002","725586","0","Yes",600,275,180,145,NA,NA,NA,NA,NA,NA,NA,NA,NA,NA,0,0,0,0,0,0
"300870001001","6939272503","31120747","No",130,10,60,10,"301110015021",120,210,100,160,"300330001001",110,235,100,165,240,575,41.7391304347826,210,385,54.5454545454545
"301110007063","1038755","0","Yes",185,140,185,140,NA,NA,NA,NA,NA,NA,NA,NA,NA,NA,0,0,0,0,0,0
"300630018003","421214281","2178384","No",190,60,135,45,NA,NA,NA,NA,NA,NA,NA,NA,NA,NA,0,0,0,0,0,0
"300930005006","442636","0","No",225,90,125,60,"300930003002",35,95,20,65,"300930005004",100,175,100,165,225,495,45.4545454545455,180,355,50.7042253521127
"300630005003","596189","0","No",230,60,190,60,NA,NA,NA,NA,NA,NA,NA,NA,NA,NA,0,0,0,0,0,0
"301110017032","639827","0","Yes",325,300,220,220,NA,NA,NA,NA,NA,NA,NA,NA,NA,NA,0,0,0,0,0,0
"300050001001","3109606871","2958134","Yes",130,80,85,55,NA,NA,NA,NA,NA,NA,NA,NA,NA,NA,0,0,0,0,0,0
"300490001002","3443025029","23123762","Yes",80,10,45,4,NA,NA,NA,NA,NA,NA,NA,NA,NA,NA,0,0,0,0,0,0
"301059406002","2906904636","11028236","Yes",250,185,155,120,NA,NA,NA,NA,NA,NA,NA,NA,NA,NA,0,0,0,0,0,0
"300739770003","524747870","748333","No",125,4,45,4,"300990001002",150,365,105,255,"300739770005",230,345,190,295,384,835,45.9880239520958,299,595,50.2521008403361
"301110017043","1359939","0","Yes",295,120,205,110,NA,NA,NA,NA,NA,NA,NA,NA,NA,NA,0,0,0,0,0,0
"300290002013","13847745","0","No",375,150,275,80,NA,NA,NA,NA,NA,NA,NA,NA,NA,NA,0,0,0,0,0,0
"300490012014","4637262","16963","Yes",360,200,280,185,NA,NA,NA,NA,NA,NA,NA,NA,NA,NA,0,0,0,0,0,0
"300690001001","4288047856","48927318","Yes",75,40,50,30,NA,NA,NA,NA,NA,NA,NA,NA,NA,NA,0,0,0,0,0,0
"301010002004","1881947","0","Yes",85,4,60,0,NA,NA,NA,NA,NA,NA,NA,NA,NA,NA,0,0,0,0,0,0
"300670002003","1455969789","3086448","Yes",50,30,35,20,NA,NA,NA,NA,NA,NA,NA,NA,NA,NA,0,0,0,0,0,0
"300530002003","835992","0","No",390,135,265,95,"300530001002",205,310,130,230,"300530002002",45,45,40,40,385,745,51.6778523489933,265,535,49.5327102803738
"300810008001","1624283429","4188762","No",0,0,0,0,NA,NA,NA,NA,NA,NA,NA,NA,NA,NA,0,0,0,0,0,0
"300930006004","1451501","0","Yes",15,10,15,10,NA,NA,NA,NA,NA,NA,NA,NA,NA,NA,0,0,0,0,0,0
"301110017022","557554","0","No",275,55,210,35,NA,NA,NA,NA,NA,NA,NA,NA,NA,NA,0,0,0,0,0,0
"300059401001","879449479","1984078","Yes",605,400,445,320,NA,NA,NA,NA,NA,NA,NA,NA,NA,NA,0,0,0,0,0,0
"300630016004","522001294","967524","No",155,0,120,0,"300899403001",140,205,105,135,"300619645001",60,145,60,75,200,505,39.6039603960396,165,330,50
"300130003002","476549","0","Yes",365,225,230,120,NA,NA,NA,NA,NA,NA,NA,NA,NA,NA,0,0,0,0,0,0
"300490004003","3097725","0","No",235,0,165,0,NA,NA,NA,NA,NA,NA,NA,NA,NA,NA,0,0,0,0,0,0
"300130002002","675391","0","Yes",270,145,230,145,NA,NA,NA,NA,NA,NA,NA,NA,NA,NA,0,0,0,0,0,0
"300130009003","396306","0","Yes",455,345,310,260,NA,NA,NA,NA,NA,NA,NA,NA,NA,NA,0,0,0,0,0,0
"300930007003","1843144","0","No",230,60,160,55,NA,NA,NA,NA,NA,NA,NA,NA,NA,NA,0,0,0,0,0,0
"300439622023","1094932968","212893","No",260,0,120,0,NA,NA,NA,NA,NA,NA,NA,NA,NA,NA,0,0,0,0,0,0
"300410401002","2063018331","17788018","Yes",170,100,110,70,NA,NA,NA,NA,NA,NA,NA,NA,NA,NA,0,0,0,0,0,0
"300310005022","37955702","32579","No",300,25,195,0,NA,NA,NA,NA,NA,NA,NA,NA,NA,NA,0,0,0,0,0,0
"300290003001","129604777","5797468","No",40,0,25,0,"300290001003",80,225,40,105,"300290002011",275,435,195,265,355,700,50.7142857142857,235,395,59.4936708860759
"300330001001","12112233301","446864348","Yes",235,110,165,100,NA,NA,NA,NA,NA,NA,NA,NA,NA,NA,0,0,0,0,0,0
"300310003001","736650696","9529965","No",340,55,190,40,"300310003003",85,285,85,195,"300070002002",155,180,155,155,295,805,36.6459627329193,280,540,51.8518518518518
"300530001003","385118345","1436185","Yes",220,35,95,35,NA,NA,NA,NA,NA,NA,NA,NA,NA,NA,0,0,0,0,0,0
"300630010001","852414","0","Yes",170,35,115,0,NA,NA,NA,NA,NA,NA,NA,NA,NA,NA,0,0,0,0,0,0
"300830704002","648604","0","Yes",170,75,140,75,NA,NA,NA,NA,NA,NA,NA,NA,NA,NA,0,0,0,0,0,0
"301110004012","645556","0","No",485,75,265,35,"301110011001",280,390,220,290,"301110004011",140,225,125,155,495,1100,45,380,710,53.5211267605634
"300130003001","842028","181203","No",120,10,50,0,"300130002001",135,215,125,190,"300130003002",225,365,120,230,370,700,52.8571428571429,245,470,52.1276595744681
"300850801001","1294111406","10326080","No",210,70,130,50,NA,NA,NA,NA,NA,NA,NA,NA,NA,NA,0,0,0,0,0,0
"300870002001","2729206956","12044822","Yes",170,115,140,105,NA,NA,NA,NA,NA,NA,NA,NA,NA,NA,0,0,0,0,0,0
"300990003002","2754417050","29934350","No",65,30,25,10,NA,NA,NA,NA,NA,NA,NA,NA,NA,NA,0,0,0,0,0,0
"301110007021","1973399","0","No",290,30,210,30,NA,NA,NA,NA,NA,NA,NA,NA,NA,NA,0,0,0,0,0,0
"300410404004","288354","0","No",165,40,105,0,"300410404003",230,275,205,235,"300410403005",10,70,10,50,280,510,54.9019607843137,215,390,55.1282051282051
"300410403001","299137","0","Yes",70,35,55,20,NA,NA,NA,NA,NA,NA,NA,NA,NA,NA,0,0,0,0,0,0
"301059406001","1218381242","1074858","No",340,50,280,35,NA,NA,NA,NA,NA,NA,NA,NA,NA,NA,0,0,0,0,0,0
"300230003002","630698","0","Yes",120,50,80,15,NA,NA,NA,NA,NA,NA,NA,NA,NA,NA,0,0,0,0,0,0
"300630014003","498327503","2375836","No",295,70,120,35,"300630014004",80,125,65,105,"300630014005",120,195,95,145,270,615,43.9024390243902,195,370,52.7027027027027
"300490007007","1860925","0","No",165,0,125,0,NA,NA,NA,NA,NA,NA,NA,NA,NA,NA,0,0,0,0,0,0
"300130016003","618858","0","Yes",105,75,55,55,NA,NA,NA,NA,NA,NA,NA,NA,NA,NA,0,0,0,0,0,0
"300310008003","329123","0","No",60,0,35,0,"300310011013",100,130,85,110,"300310008002",60,100,30,70,160,290,55.1724137931034,115,215,53.4883720930233
"300039405001","1414742562","15044912","Yes",205,90,160,90,NA,NA,NA,NA,NA,NA,NA,NA,NA,NA,0,0,0,0,0,0
"300059402001","800870034","4876616","Yes",195,125,135,100,NA,NA,NA,NA,NA,NA,NA,NA,NA,NA,0,0,0,0,0,0
"300050002001","5528439462","18807688","Yes",360,260,240,175,NA,NA,NA,NA,NA,NA,NA,NA,NA,NA,0,0,0,0,0,0
"300959666002","1984094514","6458062","No",155,40,70,15,NA,NA,NA,NA,NA,NA,NA,NA,NA,NA,0,0,0,0,0,0
"300959664001","789083806","7727772","No",540,155,405,135,NA,NA,NA,NA,NA,NA,NA,NA,NA,NA,0,0,0,0,0,0
"300310009001","468757","0","Yes",235,135,150,75,NA,NA,NA,NA,NA,NA,NA,NA,NA,NA,0,0,0,0,0,0
"300310006002","2018913","0","No",210,65,165,65,NA,NA,NA,NA,NA,NA,NA,NA,NA,NA,0,0,0,0,0,0
"300310009003","572940","0","No",85,30,70,30,"300310011011",220,270,155,185,"300310011021",110,450,85,285,360,805,44.7204968944099,270,540,50
"300439623004","2231694","0","Yes",125,65,60,55,NA,NA,NA,NA,NA,NA,NA,NA,NA,NA,0,0,0,0,0,0
"300439622022","1172494467","202678","No",360,135,225,70,"300930008002",220,325,185,265,"300439623001",55,155,50,115,410,840,48.8095238095238,305,605,50.4132231404959
"300619645001","760723502","3407235","Yes",145,60,75,60,NA,NA,NA,NA,NA,NA,NA,NA,NA,NA,0,0,0,0,0,0
"300619646002","484826260","2051001","Yes",100,10,45,0,NA,NA,NA,NA,NA,NA,NA,NA,NA,NA,0,0,0,0,0,0
"300619646001","1155696050","2743782","Yes",235,210,135,135,NA,NA,NA,NA,NA,NA,NA,NA,NA,NA,0,0,0,0,0,0
"300090005001","2401114790","10331038","No",280,65,170,40,"300090003003",110,160,110,150,"300039405002",170,245,110,160,345,685,50.3649635036496,260,480,54.1666666666667
"300090003002","531702","0","Yes",85,25,65,15,NA,NA,NA,NA,NA,NA,NA,NA,NA,NA,0,0,0,0,0,0
"300979670004","1988382435","5845385","No",180,30,115,20,NA,NA,NA,NA,NA,NA,NA,NA,NA,NA,0,0,0,0,0,0
"300230003003","341794","0","Yes",190,115,110,85,NA,NA,NA,NA,NA,NA,NA,NA,NA,NA,0,0,0,0,0,0
"300570002003","1202295748","3729571","Yes",205,125,115,75,NA,NA,NA,NA,NA,NA,NA,NA,NA,NA,0,0,0,0,0,0
"300930005005","371346","0","No",90,15,75,15,NA,NA,NA,NA,NA,NA,NA,NA,NA,NA,0,0,0,0,0,0
"300930001006","393035","0","Yes",15,15,15,15,NA,NA,NA,NA,NA,NA,NA,NA,NA,NA,0,0,0,0,0,0
"300930003002","603030","0","No",95,35,65,20,"300930003001",50,150,45,115,"300930006001",285,355,275,280,370,600,61.6666666666667,340,460,73.9130434782609
"300930006001","821791","0","Yes",355,285,280,275,NA,NA,NA,NA,NA,NA,NA,NA,NA,NA,0,0,0,0,0,0
"300930006002","507945","0","Yes",85,10,25,10,NA,NA,NA,NA,NA,NA,NA,NA,NA,NA,0,0,0,0,0,0
"300930007002","967730","0","No",150,15,90,15,NA,NA,NA,NA,NA,NA,NA,NA,NA,NA,0,0,0,0,0,0
"300530001001","2153240743","12153740","Yes",265,140,180,100,NA,NA,NA,NA,NA,NA,NA,NA,NA,NA,0,0,0,0,0,0
"300130018002","420022","0","No",195,20,110,0,"300130018003",65,105,55,90,"300130018004",290,445,210,315,375,745,50.3355704697987,265,515,51.4563106796116
"300130104001","32486792","224381","Yes",215,130,150,95,NA,NA,NA,NA,NA,NA,NA,NA,NA,NA,0,0,0,0,0,0
"300130019001","1286724","0","No",400,60,275,50,NA,NA,NA,NA,NA,NA,NA,NA,NA,NA,0,0,0,0,0,0
"300130003004","326216","0","No",260,90,215,70,"300130004002",130,190,110,150,"300130008001",125,215,100,135,345,665,51.8796992481203,280,500,56
"300130008002","399667","0","Yes",130,120,110,100,NA,NA,NA,NA,NA,NA,NA,NA,NA,NA,0,0,0,0,0,0
"300130010001","578240","0","No",240,30,205,30,NA,NA,NA,NA,NA,NA,NA,NA,NA,NA,0,0,0,0,0,0
"300130016002","466319","0","Yes",310,270,215,215,NA,NA,NA,NA,NA,NA,NA,NA,NA,NA,0,0,0,0,0,0
"300990003003","34998207","0","No",210,45,100,35,NA,NA,NA,NA,NA,NA,NA,NA,NA,NA,0,0,0,0,0,0
"300179620003","512238","0","No",190,50,135,30,NA,NA,NA,NA,NA,NA,NA,NA,NA,NA,0,0,0,0,0,0
"300399617001","653280912","872602","Yes",365,195,215,145,NA,NA,NA,NA,NA,NA,NA,NA,NA,NA,0,0,0,0,0,0
"300010001002","6532794695","67042848","No",95,35,70,25,"300010002001",150,305,100,170,"300010001001",45,80,20,40,230,480,47.9166666666667,145,280,51.7857142857143
"300830701001","2112962264","20709204","No",335,80,175,50,"300830704001",55,265,50,215,"300859400023",630,790,500,610,765,1390,55.0359712230216,600,1000,60
"300530004003","1329833677","63088132","Yes",320,145,215,90,NA,NA,NA,NA,NA,NA,NA,NA,NA,NA,0,0,0,0,0,0
"300630001001","5658173","82714","No",515,175,385,125,NA,NA,NA,NA,NA,NA,NA,NA,NA,NA,0,0,0,0,0,0
"300630013024","786276","716","No",320,80,235,60,NA,NA,NA,NA,NA,NA,NA,NA,NA,NA,0,0,0,0,0,0
"300490012013","47216714","25152","No",710,50,370,35,NA,NA,NA,NA,NA,NA,NA,NA,NA,NA,0,0,0,0,0,0
"300490012022","5319796","0","No",630,250,360,80,NA,NA,NA,NA,NA,NA,NA,NA,NA,NA,0,0,0,0,0,0
"300130019003","6243646","0","No",820,155,535,85,NA,NA,NA,NA,NA,NA,NA,NA,NA,NA,0,0,0,0,0,0
"300130106004","1207306329","2212826","No",145,20,65,0,"300130106001",10,80,10,45,"300130001002",155,185,145,175,185,410,45.1219512195122,155,285,54.3859649122807
"300130001001","949150","0","Yes",330,150,270,110,NA,NA,NA,NA,NA,NA,NA,NA,NA,NA,0,0,0,0,0,0
"300930004002","957623","0","No",360,130,290,130,"300930008002",220,325,185,265,"300930001003",70,110,55,75,420,795,52.8301886792453,370,630,58.7301587301587
"300310001022","999666507","538891","Yes",155,55,75,40,NA,NA,NA,NA,NA,NA,NA,NA,NA,NA,0,0,0,0,0,0
"300310010021","810974","0","No",120,15,65,10,NA,NA,NA,NA,NA,NA,NA,NA,NA,NA,0,0,0,0,0,0
"300310007022","1445251","0","No",525,80,360,35,NA,NA,NA,NA,NA,NA,NA,NA,NA,NA,0,0,0,0,0,0
"300310010011","1052850","0","No",465,70,335,65,NA,NA,NA,NA,NA,NA,NA,NA,NA,NA,0,0,0,0,0,0
"300310011022","363218","0","No",135,30,65,10,NA,NA,NA,NA,NA,NA,NA,NA,NA,NA,0,0,0,0,0,0
"300310005021","19630549","6332","No",95,10,40,0,NA,NA,NA,NA,NA,NA,NA,NA,NA,NA,0,0,0,0,0,0
"301110014016","23297727","0","No",760,145,495,75,NA,NA,NA,NA,NA,NA,NA,NA,NA,NA,0,0,0,0,0,0
"301110018022","743758","0","Yes",255,105,175,90,NA,NA,NA,NA,NA,NA,NA,NA,NA,NA,0,0,0,0,0,0
"301110018021","591953","0","No",155,20,100,0,NA,NA,NA,NA,NA,NA,NA,NA,NA,NA,0,0,0,0,0,0
"301110002003","2325901","41099","Yes",55,25,15,15,NA,NA,NA,NA,NA,NA,NA,NA,NA,NA,0,0,0,0,0,0
"300290002021","17689070","743787","Yes",155,45,60,45,NA,NA,NA,NA,NA,NA,NA,NA,NA,NA,0,0,0,0,0,0
"300290002033","826020","0","Yes",200,150,95,75,NA,NA,NA,NA,NA,NA,NA,NA,NA,NA,0,0,0,0,0,0
"300290001003","4688724082","88748660","No",225,80,105,40,"300530004001",125,370,75,220,"300290002011",275,435,195,265,480,1030,46.6019417475728,310,590,52.5423728813559
"300290001002","4464018794","114220902","No",145,70,85,35,"300470001001",85,190,30,90,"300359800001",25,25,0,0,180,360,50,65,175,37.1428571428571
"300290010002","373790","0","Yes",170,95,120,60,NA,NA,NA,NA,NA,NA,NA,NA,NA,NA,0,0,0,0,0,0
"300750001002","252161831","0","Yes",100,20,60,20,NA,NA,NA,NA,NA,NA,NA,NA,NA,NA,0,0,0,0,0,0
"300479403013","7001467","0","No",420,65,310,65,"300479403033",305,470,275,365,"300479403035",395,425,395,425,765,1315,58.1749049429658,735,1100,66.8181818181818
"300590001002","5808716089","6347875","Yes",185,100,110,55,NA,NA,NA,NA,NA,NA,NA,NA,NA,NA,0,0,0,0,0,0
"300570001002","1047282835","18486415","No",205,25,150,15,NA,NA,NA,NA,NA,NA,NA,NA,NA,NA,0,0,0,0,0,0
"301059406003","158429695","27618","No",270,30,105,25,"301051005001",70,145,70,145,"301059406002",185,250,120,155,285,665,42.8571428571429,215,405,53.0864197530864
"300490004001","1714837","27967","Yes",215,90,80,65,NA,NA,NA,NA,NA,NA,NA,NA,NA,NA,0,0,0,0,0,0
"300490012015","754852","0","No",310,105,260,90,"300490012012",190,350,140,215,"300490012014",200,360,185,280,495,1020,48.5294117647059,415,755,54.9668874172185
"300490007005","640148","0","No",595,190,435,180,NA,NA,NA,NA,NA,NA,NA,NA,NA,NA,0,0,0,0,0,0
"300490010004","1154541","0","No",90,0,55,0,"300490010002",140,245,115,200,"300490011003",220,460,220,255,360,795,45.2830188679245,335,510,65.6862745098039
"300810005005","765308","0","Yes",65,30,30,30,NA,NA,NA,NA,NA,NA,NA,NA,NA,NA,0,0,0,0,0,0
"300810008002","935553056","2191456","No",100,30,55,25,"300810007001",30,80,10,30,"300230005002",230,340,0,90,290,520,55.7692307692308,35,175,20
"300070002001","1462815646","58469430","Yes",390,90,265,90,NA,NA,NA,NA,NA,NA,NA,NA,NA,NA,0,0,0,0,0,0
"300070002002","1607225901","54633535","Yes",180,155,155,155,NA,NA,NA,NA,NA,NA,NA,NA,NA,NA,0,0,0,0,0,0
"300770002003","3298385","0","Yes",315,170,220,105,NA,NA,NA,NA,NA,NA,NA,NA,NA,NA,0,0,0,0,0,0
"300210002004","490809","0","Yes",125,35,90,20,NA,NA,NA,NA,NA,NA,NA,NA,NA,NA,0,0,0,0,0,0
"300270301002","6064848947","22846176","No",235,115,150,65,"300710602003",90,225,50,160,"300050002001",260,360,175,240,465,820,56.7073170731707,290,550,52.7272727272727
"300670001002","1104553294","2566896","No",100,20,45,0,NA,NA,NA,NA,NA,NA,NA,NA,NA,NA,0,0,0,0,0,0
"300359404003","970621713","9386041","Yes",360,195,195,125,NA,NA,NA,NA,NA,NA,NA,NA,NA,NA,0,0,0,0,0,0
"300359760003","1028636","0","No",70,4,70,4,NA,NA,NA,NA,NA,NA,NA,NA,NA,NA,0,0,0,0,0,0
"301110003002","539937","0","Yes",335,210,275,170,NA,NA,NA,NA,NA,NA,NA,NA,NA,NA,0,0,0,0,0,0
"301110007025","1037579","0","No",435,140,360,140,NA,NA,NA,NA,NA,NA,NA,NA,NA,NA,0,0,0,0,0,0
"301110007064","1009396","0","Yes",640,345,500,245,NA,NA,NA,NA,NA,NA,NA,NA,NA,NA,0,0,0,0,0,0
"301110009022","769788","0","Yes",165,60,85,35,NA,NA,NA,NA,NA,NA,NA,NA,NA,NA,0,0,0,0,0,0
"301110017042","1259142","0","No",425,140,215,70,"301110018041",170,285,75,170,"301110017031",220,315,165,185,530,1025,51.7073170731707,310,570,54.3859649122807
"301110004022","961648","0","No",325,95,280,90,"301110011001",280,390,220,290,"301110005002",40,90,40,90,415,805,51.5527950310559,350,660,53.030303030303
"301110007024","361771","0","No",70,15,20,0,NA,NA,NA,NA,NA,NA,NA,NA,NA,NA,0,0,0,0,0,0
"301110011004","745110","0","No",560,130,445,95,NA,NA,NA,NA,NA,NA,NA,NA,NA,NA,0,0,0,0,0,0
"301110013001","1167604","0","No",255,25,225,25,"301110012002",230,440,230,340,"301110012001",145,230,100,140,400,925,43.2432432432432,355,705,50.354609929078
"301110018032","717175","0","No",410,115,260,85,"301110012002",230,440,230,340,"301110018043",0,80,0,10,345,930,37.0967741935484,315,610,51.6393442622951
"301110018042","615868","0","No",295,90,205,75,"301110018041",170,285,75,170,"301110017031",220,315,165,185,480,895,53.6312849162011,315,560,56.25
"300470001001","960477119","19976499","No",190,85,90,30,"300470002001",20,155,20,120,"300290013012",310,445,265,330,415,790,52.5316455696203,315,540,58.3333333333333
"300630007001","806587","26497","Yes",125,110,20,20,NA,NA,NA,NA,NA,NA,NA,NA,NA,NA,0,0,0,0,0,0
"300630007003","465448","0","Yes",270,175,130,110,NA,NA,NA,NA,NA,NA,NA,NA,NA,NA,0,0,0,0,0,0
"300630002014","597861","0","Yes",240,170,220,170,NA,NA,NA,NA,NA,NA,NA,NA,NA,NA,0,0,0,0,0,0
"300630009015","811425","0","Yes",145,130,130,120,NA,NA,NA,NA,NA,NA,NA,NA,NA,NA,0,0,0,0,0,0
"300630002012","1175064","0","Yes",215,150,215,150,NA,NA,NA,NA,NA,NA,NA,NA,NA,NA,0,0,0,0,0,0
"300630012003","500043","0","No",285,30,245,30,NA,NA,NA,NA,NA,NA,NA,NA,NA,NA,0,0,0,0,0,0
"300630018002","1365435404","27170813","No",170,55,95,20,"300479406003",85,115,60,75,"300479405003",160,450,135,245,300,735,40.8163265306122,215,415,51.8072289156626
"300630018001","1098373918","11332471","No",275,55,185,35,"300399617001",195,365,145,215,"300770001001",120,200,90,120,370,840,44.047619047619,270,520,51.9230769230769
"300290009005","1325938","0","Yes",235,90,225,90,NA,NA,NA,NA,NA,NA,NA,NA,NA,NA,0,0,0,0,0,0
"300290007004","1103116","0","Yes",225,225,175,175,NA,NA,NA,NA,NA,NA,NA,NA,NA,NA,0,0,0,0,0,0
"300290009004","991436","0","Yes",115,80,100,80,NA,NA,NA,NA,NA,NA,NA,NA,NA,NA,0,0,0,0,0,0
"300290017005","271188936","1866986","No",340,115,260,100,"300470002002",50,100,35,70,"300479403032",200,345,165,220,365,785,46.4968152866242,300,550,54.5454545454545
"300890002002","506800757","5141419","Yes",315,205,195,110,NA,NA,NA,NA,NA,NA,NA,NA,NA,NA,0,0,0,0,0,0
"300890002004","1208086435","11034668","Yes",490,335,320,250,NA,NA,NA,NA,NA,NA,NA,NA,NA,NA,0,0,0,0,0,0
"300250001002","13827835","0","No",280,65,210,45,NA,NA,NA,NA,NA,NA,NA,NA,NA,NA,0,0,0,0,0,0
"300859400022","2109887666","11784826","Yes",170,45,95,30,NA,NA,NA,NA,NA,NA,NA,NA,NA,NA,0,0,0,0,0,0
"300859400012","4865511","683093","Yes",365,240,290,200,NA,NA,NA,NA,NA,NA,NA,NA,NA,NA,0,0,0,0,0,0
"301051001001","4130465962","5087544","No",145,45,85,15,"300710602003",90,225,50,160,"301059406002",185,250,120,155,320,620,51.6129032258064,185,400,46.25
"301051001002","4326704581","334252354","No",100,30,30,4,"300710602003",90,225,50,160,"301059406002",185,250,120,155,305,575,53.0434782608696,174,345,50.4347826086956
"300710602004","5188814754","34193433","No",290,90,175,70,"300710602001",95,135,90,115,"300050001001",80,130,55,85,265,555,47.7477477477478,215,375,57.3333333333333
"301110010003","376544","0","Yes",155,145,125,115,NA,NA,NA,NA,NA,NA,NA,NA,NA,NA,0,0,0,0,0,0
"300670002002","886079474","1197096","No",735,40,415,30,NA,NA,NA,NA,NA,NA,NA,NA,NA,NA,0,0,0,0,0,0
"300490010002","657580","0","Yes",245,140,200,115,NA,NA,NA,NA,NA,NA,NA,NA,NA,NA,0,0,0,0,0,0
"300630014005","934528","4571","Yes",195,120,145,95,NA,NA,NA,NA,NA,NA,NA,NA,NA,NA,0,0,0,0,0,0
"300359404002","451997790","5989729","Yes",325,255,235,180,NA,NA,NA,NA,NA,NA,NA,NA,NA,NA,0,0,0,0,0,0
"301110007061","1330064","60422","Yes",45,0,20,0,NA,NA,NA,NA,NA,NA,NA,NA,NA,NA,0,0,0,0,0,0
"300670004002","1100239","0","No",220,45,165,20,NA,NA,NA,NA,NA,NA,NA,NA,NA,NA,0,0,0,0,0,0
"300150103003","3505481251","17712187","Yes",215,60,150,50,NA,NA,NA,NA,NA,NA,NA,NA,NA,NA,0,0,0,0,0,0
"300770002005","907815284","1758934","Yes",65,10,40,0,NA,NA,NA,NA,NA,NA,NA,NA,NA,NA,0,0,0,0,0,0
"300130011004","898100","0","Yes",270,145,200,110,NA,NA,NA,NA,NA,NA,NA,NA,NA,NA,0,0,0,0,0,0
"300670005002","1877386825","12053330","Yes",150,40,45,25,NA,NA,NA,NA,NA,NA,NA,NA,NA,NA,0,0,0,0,0,0
"300410402001","2264858295","21720221","No",220,40,80,10,"300410403004",135,135,85,85,"300410401002",100,170,70,110,275,525,52.3809523809524,165,275,60
"300870002002","2287185701","163786","Yes",165,45,95,40,NA,NA,NA,NA,NA,NA,NA,NA,NA,NA,0,0,0,0,0,0
"301110010002","925219","0","Yes",185,50,100,0,NA,NA,NA,NA,NA,NA,NA,NA,NA,NA,0,0,0,0,0,0
"300230005003","51032642","0","Yes",15,0,15,0,NA,NA,NA,NA,NA,NA,NA,NA,NA,NA,0,0,0,0,0,0
"300650001001","2773330437","6985578","Yes",170,110,110,100,NA,NA,NA,NA,NA,NA,NA,NA,NA,NA,0,0,0,0,0,0
"300310007012","541949","0","No",150,0,105,0,NA,NA,NA,NA,NA,NA,NA,NA,NA,NA,0,0,0,0,0,0
"301110014023","1086949913","2531212","No",255,80,150,55,"301110015021",120,210,100,160,"300370001001",65,135,45,90,265,600,44.1666666666667,200,400,50
"300630012004","1459026","5593","No",510,185,355,140,"300630013034",105,105,105,105,"300630013031",115,215,70,145,405,830,48.7951807228916,315,605,52.0661157024793
"300130009004","398770","0","Yes",120,50,100,45,NA,NA,NA,NA,NA,NA,NA,NA,NA,NA,0,0,0,0,0,0
"300310009002","563754","0","Yes",45,15,25,15,NA,NA,NA,NA,NA,NA,NA,NA,NA,NA,0,0,0,0,0,0
"300630013033","879306","0","Yes",115,25,50,25,NA,NA,NA,NA,NA,NA,NA,NA,NA,NA,0,0,0,0,0,0
"300490006001","297817248","611889","No",220,65,150,15,NA,NA,NA,NA,NA,NA,NA,NA,NA,NA,0,0,0,0,0,0
"301110003004","759717","0","Yes",320,75,210,60,NA,NA,NA,NA,NA,NA,NA,NA,NA,NA,0,0,0,0,0,0
"300930002004","1021373","0","No",295,75,265,75,"300930008003",15,105,15,80,"300930002002",280,295,175,190,370,695,53.2374100719424,265,535,49.5327102803738
"300479403031","243785212","2106297","Yes",175,60,140,40,NA,NA,NA,NA,NA,NA,NA,NA,NA,NA,0,0,0,0,0,0
"300670004005","491675","10548","No",200,0,200,0,NA,NA,NA,NA,NA,NA,NA,NA,NA,NA,0,0,0,0,0,0
"300270301001","3124572583","3935073","No",125,30,45,15,"300150103002",170,350,105,235,"300270302001",345,610,260,400,545,1085,50.2304147465438,380,680,55.8823529411765
"300710602003","8113830609","151370016","No",225,90,160,50,"300710602001",95,135,90,115,"300270301002",115,235,65,150,300,595,50.4201680672269,205,425,48.2352941176471
"300810002013","2156545","97247","Yes",345,275,255,200,NA,NA,NA,NA,NA,NA,NA,NA,NA,NA,0,0,0,0,0,0
"300810006003","686384075","599404","Yes",245,40,115,40,NA,NA,NA,NA,NA,NA,NA,NA,NA,NA,0,0,0,0,0,0
"300619645002","757553924","1695188","No",350,135,285,100,NA,NA,NA,NA,NA,NA,NA,NA,NA,NA,0,0,0,0,0,0
"301110010005","406180","0","Yes",200,25,95,25,NA,NA,NA,NA,NA,NA,NA,NA,NA,NA,0,0,0,0,0,0
"300490002001","905090554","796266","No",215,60,110,40,"300490003001",30,45,30,40,"300490001001",145,195,45,80,235,455,51.6483516483517,115,230,50
"300990001001","1201134944","2931521","No",85,20,75,20,NA,NA,NA,NA,NA,NA,NA,NA,NA,NA,0,0,0,0,0,0
"300130007001","384553","0","Yes",335,245,250,195,NA,NA,NA,NA,NA,NA,NA,NA,NA,NA,0,0,0,0,0,0
"300910904001","1150263120","25022572","Yes",165,95,120,90,NA,NA,NA,NA,NA,NA,NA,NA,NA,NA,0,0,0,0,0,0
"300490008002","303697","0","No",85,0,70,0,NA,NA,NA,NA,NA,NA,NA,NA,NA,NA,0,0,0,0,0,0
"300479405002","8097397","6033","Yes",405,275,310,235,NA,NA,NA,NA,NA,NA,NA,NA,NA,NA,0,0,0,0,0,0
"300130023002","736330","0","No",290,20,235,20,NA,NA,NA,NA,NA,NA,NA,NA,NA,NA,0,0,0,0,0,0
"300810007001","588099776","7189889","Yes",80,30,30,10,NA,NA,NA,NA,NA,NA,NA,NA,NA,NA,0,0,0,0,0,0
"300090002001","358969036","1583569","No",210,35,100,20,NA,NA,NA,NA,NA,NA,NA,NA,NA,NA,0,0,0,0,0,0
"300490003001","1174339898","19832852","Yes",45,30,40,30,NA,NA,NA,NA,NA,NA,NA,NA,NA,NA,0,0,0,0,0,0
"300050002003","957230","0","Yes",115,0,80,0,NA,NA,NA,NA,NA,NA,NA,NA,NA,NA,0,0,0,0,0,0
"300930008005","1095720346","1000029","No",225,100,140,30,"300930008001",60,195,25,105,"300230005002",230,340,0,90,390,760,51.3157894736842,55,335,16.4179104477612
"300010001001","4304074993","7990553","Yes",80,45,40,20,NA,NA,NA,NA,NA,NA,NA,NA,NA,NA,0,0,0,0,0,0
"300439623001","1509120613","5531255","No",155,55,115,50,"300930008002",220,325,185,265,"300439623004",65,125,55,60,340,605,56.198347107438,290,440,65.9090909090909
"300130106001","1575635545","3280230","No",80,10,45,10,"300590001002",100,185,55,110,"300130022004",250,420,135,250,360,685,52.5547445255474,200,405,49.3827160493827
"300130010003","337217","0","No",105,0,60,0,NA,NA,NA,NA,NA,NA,NA,NA,NA,NA,0,0,0,0,0,0
"300130010002","828987","0","No",190,55,155,55,"300130009002",45,140,45,100,"300130021003",150,240,150,240,250,570,43.859649122807,250,495,50.5050505050505
"300010002001","3085765896","3055315","Yes",305,150,170,100,NA,NA,NA,NA,NA,NA,NA,NA,NA,NA,0,0,0,0,0,0
"300230004004","287380","0","Yes",70,35,65,35,NA,NA,NA,NA,NA,NA,NA,NA,NA,NA,0,0,0,0,0,0
"300959664003","3038314","69416","No",365,90,205,50,NA,NA,NA,NA,NA,NA,NA,NA,NA,NA,0,0,0,0,0,0
"300310001033","1828003","0","Yes",820,390,670,360,NA,NA,NA,NA,NA,NA,NA,NA,NA,NA,0,0,0,0,0,0
"300310001021","700852951","2192972","No",235,55,135,35,"300590001002",100,185,55,110,"300070002002",155,180,155,155,310,600,51.6666666666667,245,400,61.25
"300630013043","675035","0","No",285,75,275,75,NA,NA,NA,NA,NA,NA,NA,NA,NA,NA,0,0,0,0,0,0
"300739772002","1645922721","28241993","Yes",300,95,175,75,NA,NA,NA,NA,NA,NA,NA,NA,NA,NA,0,0,0,0,0,0
"300490008003","1254802","0","No",95,15,95,15,NA,NA,NA,NA,NA,NA,NA,NA,NA,NA,0,0,0,0,0,0
"300359800001","1470091631","43198433","Yes",25,25,0,0,NA,NA,NA,NA,NA,NA,NA,NA,NA,NA,0,0,0,0,0,0
"300570001001","2618354121","12575705","No",185,40,110,0,NA,NA,NA,NA,NA,NA,NA,NA,NA,NA,0,0,0,0,0,0
"300670003002","1218541","93644","No",115,35,115,35,NA,NA,NA,NA,NA,NA,NA,NA,NA,NA,0,0,0,0,0,0
"300490004002","2251111","5378","No",390,155,215,65,"300490004005",225,430,155,330,"300490005022",295,505,190,370,675,1325,50.9433962264151,410,915,44.8087431693989
"300810004021","345144166","374591","Yes",150,50,80,40,NA,NA,NA,NA,NA,NA,NA,NA,NA,NA,0,0,0,0,0,0
"300290011003","687313","20281","Yes",100,65,45,45,NA,NA,NA,NA,NA,NA,NA,NA,NA,NA,0,0,0,0,0,0
"300890001002","558556513","7912898","Yes",105,45,55,10,NA,NA,NA,NA,NA,NA,NA,NA,NA,NA,0,0,0,0,0,0
"300859400021","936713364","5367776","Yes",220,135,180,105,NA,NA,NA,NA,NA,NA,NA,NA,NA,NA,0,0,0,0,0,0
"300859400013","4192623","0","Yes",405,295,270,180,NA,NA,NA,NA,NA,NA,NA,NA,NA,NA,0,0,0,0,0,0
"300630005004","984843","0","Yes",380,170,285,145,NA,NA,NA,NA,NA,NA,NA,NA,NA,NA,0,0,0,0,0,0
"300630012001","605143","0","No",235,50,160,35,NA,NA,NA,NA,NA,NA,NA,NA,NA,NA,0,0,0,0,0,0
"301110009011","722104","0","Yes",195,80,165,80,NA,NA,NA,NA,NA,NA,NA,NA,NA,NA,0,0,0,0,0,0
"301110005003","652018","0","Yes",240,135,230,120,NA,NA,NA,NA,NA,NA,NA,NA,NA,NA,0,0,0,0,0,0
"301110011001","628250","0","Yes",390,280,290,220,NA,NA,NA,NA,NA,NA,NA,NA,NA,NA,0,0,0,0,0,0
"301110017021","732256","0","Yes",250,145,215,135,NA,NA,NA,NA,NA,NA,NA,NA,NA,NA,0,0,0,0,0,0
"300410405001","383202","0","No",40,0,35,0,"300410405003",0,300,0,250,"300410403003",435,525,380,465,435,865,50.2890173410405,380,750,50.6666666666667
"300850801002","281975715","4268751","No",325,35,260,30,NA,NA,NA,NA,NA,NA,NA,NA,NA,NA,0,0,0,0,0,0
"300770002002","760893","0","Yes",110,55,70,40,NA,NA,NA,NA,NA,NA,NA,NA,NA,NA,0,0,0,0,0,0
"301110009024","1012193","0","Yes",535,305,385,220,NA,NA,NA,NA,NA,NA,NA,NA,NA,NA,0,0,0,0,0,0
"300879404002","713352096","59019","Yes",480,370,320,250,NA,NA,NA,NA,NA,NA,NA,NA,NA,NA,0,0,0,0,0,0
"300050001002","6768592","0","Yes",285,140,195,90,NA,NA,NA,NA,NA,NA,NA,NA,NA,NA,0,0,0,0,0,0
"300630004001","793757","0","No",205,85,110,45,NA,NA,NA,NA,NA,NA,NA,NA,NA,NA,0,0,0,0,0,0
"300150102001","2794259392","10976733","No",270,95,160,40,NA,NA,NA,NA,NA,NA,NA,NA,NA,NA,0,0,0,0,0,0
"300930004001","1036846","0","No",405,200,235,115,"300930008002",220,325,185,265,"300930004002",130,360,130,290,550,1090,50.4587155963303,430,790,54.4303797468354
"300230005002","1249496519","9443089","Yes",340,230,90,0,NA,NA,NA,NA,NA,NA,NA,NA,NA,NA,0,0,0,0,0,0
"300930003001","1252643","0","No",150,50,115,45,"300930008003",15,105,15,80,"300930006001",285,355,275,280,350,610,57.3770491803279,335,475,70.5263157894737
"300130016005","390702","0","Yes",185,115,155,115,NA,NA,NA,NA,NA,NA,NA,NA,NA,NA,0,0,0,0,0,0
"300399617002","3804210451","13673766","Yes",160,10,65,0,NA,NA,NA,NA,NA,NA,NA,NA,NA,NA,0,0,0,0,0,0
"300810005002","411309825","1814779","Yes",310,85,230,55,NA,NA,NA,NA,NA,NA,NA,NA,NA,NA,0,0,0,0,0,0
"300630013025","670087","0","No",135,45,120,45,NA,NA,NA,NA,NA,NA,NA,NA,NA,NA,0,0,0,0,0,0
"300310005032","7626635","39543","No",595,230,490,170,NA,NA,NA,NA,NA,NA,NA,NA,NA,NA,0,0,0,0,0,0
"301110006003","534712","0","No",210,0,105,0,"301110005001",60,130,45,55,"301110002001",195,265,180,230,255,605,42.1487603305785,225,390,57.6923076923077
"300359760002","8643761","166206","No",220,95,160,35,NA,NA,NA,NA,NA,NA,NA,NA,NA,NA,0,0,0,0,0,0
"300770001002","1175903261","1682710","Yes",110,65,60,35,NA,NA,NA,NA,NA,NA,NA,NA,NA,NA,0,0,0,0,0,0
"300650001003","1432217314","13072","Yes",355,110,155,45,NA,NA,NA,NA,NA,NA,NA,NA,NA,NA,0,0,0,0,0,0
"300210003003","817596","0","Yes",240,200,240,200,NA,NA,NA,NA,NA,NA,NA,NA,NA,NA,0,0,0,0,0,0
"300670002001","543870101","4535423","No",150,30,75,30,"300670002003",30,50,20,35,"300670004003",15,35,15,15,75,235,31.9148936170213,65,125,52
"300290009001","2534436","0","Yes",975,600,535,250,NA,NA,NA,NA,NA,NA,NA,NA,NA,NA,0,0,0,0,0,0
"300290017006","142193755","6399920","Yes",320,160,165,100,NA,NA,NA,NA,NA,NA,NA,NA,NA,NA,0,0,0,0,0,0
"300090001001","329900191","1758412","No",140,4,135,4,NA,NA,NA,NA,NA,NA,NA,NA,NA,NA,0,0,0,0,0,0
"300490009004","1174070","331","No",255,85,235,85,"300490004001",90,215,65,80,"300490009003",215,370,160,255,390,840,46.4285714285714,310,570,54.3859649122807
"300630008003","692072","0","Yes",240,105,230,105,NA,NA,NA,NA,NA,NA,NA,NA,NA,NA,0,0,0,0,0,0
"300630008004","606835","0","Yes",260,140,200,100,NA,NA,NA,NA,NA,NA,NA,NA,NA,NA,0,0,0,0,0,0
"300130023001","10013808","241811","No",705,60,470,30,NA,NA,NA,NA,NA,NA,NA,NA,NA,NA,0,0,0,0,0,0
"300150103001","12762759","51217","Yes",130,70,85,50,NA,NA,NA,NA,NA,NA,NA,NA,NA,NA,0,0,0,0,0,0
"300570002001","1266874133","348668","Yes",225,110,150,75,NA,NA,NA,NA,NA,NA,NA,NA,NA,NA,0,0,0,0,0,0
"300310001013","14850260","153591","No",185,80,145,50,NA,NA,NA,NA,NA,NA,NA,NA,NA,NA,0,0,0,0,0,0
"300479404002","15741771","3782","Yes",620,435,455,340,NA,NA,NA,NA,NA,NA,NA,NA,NA,NA,0,0,0,0,0,0
"300030001004","2222404740","8563672","Yes",245,75,120,40,NA,NA,NA,NA,NA,NA,NA,NA,NA,NA,0,0,0,0,0,0
"301110019011","3495143","0","No",600,125,435,115,NA,NA,NA,NA,NA,NA,NA,NA,NA,NA,0,0,0,0,0,0
"301110014014","57192289","1899790","No",535,175,410,130,NA,NA,NA,NA,NA,NA,NA,NA,NA,NA,0,0,0,0,0,0
"300490005021","10388247","12126","No",1130,385,770,280,NA,NA,NA,NA,NA,NA,NA,NA,NA,NA,0,0,0,0,0,0
"300310004003","313850795","440433","No",340,110,290,100,NA,NA,NA,NA,NA,NA,NA,NA,NA,NA,0,0,0,0,0,0
"301110011003","637900","0","No",165,30,165,30,"301110012002",230,440,230,340,"301110017021",145,250,135,215,405,855,47.3684210526316,395,720,54.8611111111111
"300930002002","173865","0","Yes",295,280,190,175,NA,NA,NA,NA,NA,NA,NA,NA,NA,NA,0,0,0,0,0,0
"300130011003","587583","0","No",100,0,55,0,"300130021002",50,135,50,75,"300130011001",150,260,105,180,200,495,40.4040404040404,155,310,50
"300270302003","6756572","25263","Yes",570,180,390,145,NA,NA,NA,NA,NA,NA,NA,NA,NA,NA,0,0,0,0,0,0
"300010003004","8978687","0","No",180,30,85,20,"300010002001",150,305,100,170,"300010003001",130,245,120,210,310,730,42.4657534246575,240,465,51.6129032258064
"301119400004","30848719","394219","No",285,15,180,0,NA,NA,NA,NA,NA,NA,NA,NA,NA,NA,0,0,0,0,0,0
"300130023004","51976754","3186431","No",800,75,595,60,NA,NA,NA,NA,NA,NA,NA,NA,NA,NA,0,0,0,0,0,0
"300810006004","18505525","219812","Yes",465,380,255,230,NA,NA,NA,NA,NA,NA,NA,NA,NA,NA,0,0,0,0,0,0
"300130106002","42417652","25080","Yes",280,175,190,115,NA,NA,NA,NA,NA,NA,NA,NA,NA,NA,0,0,0,0,0,0
"300630003001","511816","24695","Yes",15,15,0,0,NA,NA,NA,NA,NA,NA,NA,NA,NA,NA,0,0,0,0,0,0
"301110014011","40483481","1026881","Yes",375,195,280,145,NA,NA,NA,NA,NA,NA,NA,NA,NA,NA,0,0,0,0,0,0
"300090004001","530723760","2861352","No",260,75,210,55,NA,NA,NA,NA,NA,NA,NA,NA,NA,NA,0,0,0,0,0,0
"300630016003","123515445","6871","No",630,80,400,80,NA,NA,NA,NA,NA,NA,NA,NA,NA,NA,0,0,0,0,0,0
"300130023003","2562477","382892","No",245,0,140,0,"300130007002",170,185,145,155,"300130016004",120,215,110,170,290,645,44.9612403100775,255,465,54.8387096774194
"300770002001","1792561","0","Yes",80,0,35,0,NA,NA,NA,NA,NA,NA,NA,NA,NA,NA,0,0,0,0,0,0
"300290006023","21109418","1116594","Yes",220,105,165,85,NA,NA,NA,NA,NA,NA,NA,NA,NA,NA,0,0,0,0,0,0
"300290012001","2647363","78820","No",795,275,460,75,NA,NA,NA,NA,NA,NA,NA,NA,NA,NA,0,0,0,0,0,0
"300490004005","14030867","37601","Yes",430,225,330,155,NA,NA,NA,NA,NA,NA,NA,NA,NA,NA,0,0,0,0,0,0
"300630016001","66515587","4124724","No",595,115,430,110,NA,NA,NA,NA,NA,NA,NA,NA,NA,NA,0,0,0,0,0,0
"300890001003","9788269","659918","Yes",160,130,120,115,NA,NA,NA,NA,NA,NA,NA,NA,NA,NA,0,0,0,0,0,0
"300490011003","1673512","0","Yes",460,220,255,220,NA,NA,NA,NA,NA,NA,NA,NA,NA,NA,0,0,0,0,0,0
"300130011001","2315802","0","Yes",260,150,180,105,NA,NA,NA,NA,NA,NA,NA,NA,NA,NA,0,0,0,0,0,0
"300439622011","88790452","348059","No",510,0,355,0,NA,NA,NA,NA,NA,NA,NA,NA,NA,NA,0,0,0,0,0,0
"301110014013","17091800","1001793","No",310,50,205,40,NA,NA,NA,NA,NA,NA,NA,NA,NA,NA,0,0,0,0,0,0
"300490012021","103697171","16081465","No",255,40,125,15,"300490012023",210,640,190,435,"300070002002",155,180,155,155,405,1075,37.6744186046512,360,715,50.3496503496504
"300290013021","106431973","5235585","No",310,40,190,15,"300470001001",85,190,30,90,"300290013012",310,445,265,330,435,945,46.031746031746,310,610,50.8196721311475
"300899403001","1349031424","11920626","Yes",205,140,135,105,NA,NA,NA,NA,NA,NA,NA,NA,NA,NA,0,0,0,0,0,0
"300930001002","475724","0","Yes",75,70,65,60,NA,NA,NA,NA,NA,NA,NA,NA,NA,NA,0,0,0,0,0,0
"300179616003","4632904","0","No",135,15,125,15,NA,NA,NA,NA,NA,NA,NA,NA,NA,NA,0,0,0,0,0,0
"300010003003","1348927","0","No",315,40,210,0,NA,NA,NA,NA,NA,NA,NA,NA,NA,NA,0,0,0,0,0,0
"301110003003","439807","0","Yes",235,235,170,170,NA,NA,NA,NA,NA,NA,NA,NA,NA,NA,0,0,0,0,0,0
"300290009002","1255784","9002","Yes",420,280,215,180,NA,NA,NA,NA,NA,NA,NA,NA,NA,NA,0,0,0,0,0,0
"300810002011","233791647","2159127","Yes",430,210,400,210,NA,NA,NA,NA,NA,NA,NA,NA,NA,NA,0,0,0,0,0,0
"300410404002","15995318","55031","No",125,0,95,0,"300410404003",230,275,205,235,"300410404001",270,570,200,425,500,970,51.5463917525773,405,755,53.6423841059603
"300630009014","7283996","326118","Yes",225,80,160,40,NA,NA,NA,NA,NA,NA,NA,NA,NA,NA,0,0,0,0,0,0
"300179615001","1234761","92173","Yes",210,140,200,125,NA,NA,NA,NA,NA,NA,NA,NA,NA,NA,0,0,0,0,0,0
"300910902001","33706833","159922","Yes",215,135,175,115,NA,NA,NA,NA,NA,NA,NA,NA,NA,NA,0,0,0,0,0,0
"300479404001","142100538","5847043","Yes",430,265,270,185,NA,NA,NA,NA,NA,NA,NA,NA,NA,NA,0,0,0,0,0,0
"300230004003","284778","0","Yes",115,110,70,70,NA,NA,NA,NA,NA,NA,NA,NA,NA,NA,0,0,0,0,0,0
"300490011001","748519","0","No",50,0,50,0,NA,NA,NA,NA,NA,NA,NA,NA,NA,NA,0,0,0,0,0,0
"300310007021","1900368","19345","No",305,100,280,100,NA,NA,NA,NA,NA,NA,NA,NA,NA,NA,0,0,0,0,0,0
"300130108003","434096","0","Yes",130,130,130,130,NA,NA,NA,NA,NA,NA,NA,NA,NA,NA,0,0,0,0,0,0
"301110018013","1372693","0","No",360,20,270,20,NA,NA,NA,NA,NA,NA,NA,NA,NA,NA,0,0,0,0,0,0
"300130009001","399963","0","Yes",60,30,30,10,NA,NA,NA,NA,NA,NA,NA,NA,NA,NA,0,0,0,0,0,0
"300050002002","2463704","0","Yes",60,20,30,4,NA,NA,NA,NA,NA,NA,NA,NA,NA,NA,0,0,0,0,0,0
"300290007002","2226607","14202","Yes",435,300,255,165,NA,NA,NA,NA,NA,NA,NA,NA,NA,NA,0,0,0,0,0,0
"300310004001","32800052","802145","No",445,95,320,60,NA,NA,NA,NA,NA,NA,NA,NA,NA,NA,0,0,0,0,0,0
"300810005004","679402","0","Yes",90,40,90,40,NA,NA,NA,NA,NA,NA,NA,NA,NA,NA,0,0,0,0,0,0
"300630011001","367536","0","No",135,0,85,0,NA,NA,NA,NA,NA,NA,NA,NA,NA,NA,0,0,0,0,0,0
"300490009001","734278","0","Yes",85,45,85,45,NA,NA,NA,NA,NA,NA,NA,NA,NA,NA,0,0,0,0,0,0
"300179619002","3860987","0","No",300,130,265,130,NA,NA,NA,NA,NA,NA,NA,NA,NA,NA,0,0,0,0,0,0
"300359404001","1030955145","19847063","Yes",105,25,50,10,NA,NA,NA,NA,NA,NA,NA,NA,NA,NA,0,0,0,0,0,0
"301010001001","824458650","13028767","No",110,50,70,20,"301010002005",115,165,85,100,"301010001002",15,75,4,30,180,350,51.4285714285714,109,200,54.5
"300290006012","43988921","416933","Yes",420,165,285,150,NA,NA,NA,NA,NA,NA,NA,NA,NA,NA,0,0,0,0,0,0
"301110015011","56479598","1203466","Yes",810,455,470,215,NA,NA,NA,NA,NA,NA,NA,NA,NA,NA,0,0,0,0,0,0
"300290011005","833307","0","Yes",290,185,195,145,NA,NA,NA,NA,NA,NA,NA,NA,NA,NA,0,0,0,0,0,0
"300290009003","1599977","46292","Yes",180,55,150,40,NA,NA,NA,NA,NA,NA,NA,NA,NA,NA,0,0,0,0,0,0
"300290013022","99235544","1092572","Yes",545,320,345,195,NA,NA,NA,NA,NA,NA,NA,NA,NA,NA,0,0,0,0,0,0
"301110019022","3414625","0","No",255,95,160,30,NA,NA,NA,NA,NA,NA,NA,NA,NA,NA,0,0,0,0,0,0
"300030001001","3495054","0","Yes",190,155,95,85,NA,NA,NA,NA,NA,NA,NA,NA,NA,NA,0,0,0,0,0,0
"300810007002","2585231","40813","Yes",170,140,105,95,NA,NA,NA,NA,NA,NA,NA,NA,NA,NA,0,0,0,0,0,0
"300130101002","4527753","854154","No",285,90,115,35,"300130001002",155,185,145,175,"300130002001",135,215,125,190,380,685,55.4744525547445,305,480,63.5416666666667
"300130002003","791664","0","Yes",320,80,190,45,NA,NA,NA,NA,NA,NA,NA,NA,NA,NA,0,0,0,0,0,0
"300739770001","7472425","0","No",165,55,140,45,"300739770002",35,60,35,50,"300739770005",230,345,190,295,320,570,56.140350877193,270,485,55.6701030927835
"300630002024","7831315","292894","No",525,230,445,205,NA,NA,NA,NA,NA,NA,NA,NA,NA,NA,0,0,0,0,0,0
"300890002003","359963132","11738759","Yes",230,130,110,40,NA,NA,NA,NA,NA,NA,NA,NA,NA,NA,0,0,0,0,0,0
"300450001002","1618576937","667558","No",175,60,100,45,NA,NA,NA,NA,NA,NA,NA,NA,NA,NA,0,0,0,0,0,0
"301010002002","2278627","0","Yes",200,110,130,95,NA,NA,NA,NA,NA,NA,NA,NA,NA,NA,0,0,0,0,0,0
"300419403003","111133701","46424","Yes",395,220,260,135,NA,NA,NA,NA,NA,NA,NA,NA,NA,NA,0,0,0,0,0,0
"300630002015","657070","75740","Yes",145,30,130,30,NA,NA,NA,NA,NA,NA,NA,NA,NA,NA,0,0,0,0,0,0
"300359402001","7905976","22934","Yes",1010,770,820,635,NA,NA,NA,NA,NA,NA,NA,NA,NA,NA,0,0,0,0,0,0
"300130018001","1846293","485632","No",85,0,35,0,"300130018002",20,195,0,110,"300130108001",365,375,310,310,385,655,58.7786259541985,310,455,68.1318681318681
"300630014002","258282255","895944","No",470,115,250,60,NA,NA,NA,NA,NA,NA,NA,NA,NA,NA,0,0,0,0,0,0
"300810002021","56845015","72492","No",560,170,355,85,NA,NA,NA,NA,NA,NA,NA,NA,NA,NA,0,0,0,0,0,0
"300559540002","25503115","66746","No",90,25,70,25,NA,NA,NA,NA,NA,NA,NA,NA,NA,NA,0,0,0,0,0,0
"300439622012","61066557","0","No",525,40,295,25,NA,NA,NA,NA,NA,NA,NA,NA,NA,NA,0,0,0,0,0,0
"300310005024","23953894","8138","No",455,80,270,65,NA,NA,NA,NA,NA,NA,NA,NA,NA,NA,0,0,0,0,0,0
"300210001001","3108672621","23779704","No",140,35,90,25,"300210003001",185,360,185,305,"300210002001",35,105,20,40,255,605,42.1487603305785,230,435,52.8735632183908
"301110013005","858660","0","No",320,80,210,55,NA,NA,NA,NA,NA,NA,NA,NA,NA,NA,0,0,0,0,0,0
"300130010004","338800","0","No",120,0,45,0,"300130009001",30,60,10,30,"300130002002",145,270,145,230,175,450,38.8888888888889,155,305,50.8196721311475
"300930006005","2799832","0","Yes",55,10,10,10,NA,NA,NA,NA,NA,NA,NA,NA,NA,NA,0,0,0,0,0,0
"300290004012","22506949","266927","No",625,95,405,65,NA,NA,NA,NA,NA,NA,NA,NA,NA,NA,0,0,0,0,0,0
"300179613001","6319098947","6597873","No",195,55,150,45,"300179619002",130,300,130,265,"300870002001",115,170,105,140,300,665,45.1127819548872,280,555,50.4504504504504
"300930001003","1279969","0","Yes",110,70,75,55,NA,NA,NA,NA,NA,NA,NA,NA,NA,NA,0,0,0,0,0,0
"301110005004","335256","0","Yes",215,205,205,205,NA,NA,NA,NA,NA,NA,NA,NA,NA,NA,0,0,0,0,0,0
"300130008001","399555","0","Yes",215,125,135,100,NA,NA,NA,NA,NA,NA,NA,NA,NA,NA,0,0,0,0,0,0
"300630013021","2085937","0","No",490,180,340,150,NA,NA,NA,NA,NA,NA,NA,NA,NA,NA,0,0,0,0,0,0
"300359404005","2450739899","14511361","Yes",250,90,155,55,NA,NA,NA,NA,NA,NA,NA,NA,NA,NA,0,0,0,0,0,0
"300479403011","144042611","102786480","No",40,0,40,0,"300470001001",85,190,30,90,"300479403014",255,470,205,335,340,700,48.5714285714286,235,465,50.5376344086022
"301110017041","7427222","0","Yes",80,50,20,10,NA,NA,NA,NA,NA,NA,NA,NA,NA,NA,0,0,0,0,0,0
"300290014003","106719132","39410991","Yes",475,220,345,195,NA,NA,NA,NA,NA,NA,NA,NA,NA,NA,0,0,0,0,0,0
"300290017002","120623050","0","No",0,0,0,0,"300290017005",115,340,100,260,"300479403033",305,470,275,365,420,810,51.8518518518518,375,625,60
"300510501001","2061345808","1469207","No",295,80,210,70,"301010002005",115,165,85,100,"300510501002",85,180,65,130,280,640,43.75,220,440,50
"300090003001","20036010","0","Yes",185,115,90,50,NA,NA,NA,NA,NA,NA,NA,NA,NA,NA,0,0,0,0,0,0
"300410403003","1557465","0","Yes",525,435,465,380,NA,NA,NA,NA,NA,NA,NA,NA,NA,NA,0,0,0,0,0,0
"300530004004","97364775","2304632","Yes",350,250,130,95,NA,NA,NA,NA,NA,NA,NA,NA,NA,NA,0,0,0,0,0,0
"301110009023","562336","0","Yes",225,175,150,140,NA,NA,NA,NA,NA,NA,NA,NA,NA,NA,0,0,0,0,0,0
"300739770005","6058851","0","Yes",345,230,295,190,NA,NA,NA,NA,NA,NA,NA,NA,NA,NA,0,0,0,0,0,0
"300410404001","18554838","391733","No",570,270,425,200,"300410404003",230,275,205,235,"300410403002",80,80,80,80,580,925,62.7027027027027,485,740,65.5405405405405
"301110012001","852405","0","Yes",230,145,140,100,NA,NA,NA,NA,NA,NA,NA,NA,NA,NA,0,0,0,0,0,0
"300230005004","6485950","2239","Yes",225,175,195,175,NA,NA,NA,NA,NA,NA,NA,NA,NA,NA,0,0,0,0,0,0
"300810003002","193842988","951362","Yes",345,215,145,75,NA,NA,NA,NA,NA,NA,NA,NA,NA,NA,0,0,0,0,0,0
"300810004011","167543784","520220","Yes",315,90,245,60,NA,NA,NA,NA,NA,NA,NA,NA,NA,NA,0,0,0,0,0,0
"300630012002","671792","0","No",150,0,125,0,NA,NA,NA,NA,NA,NA,NA,NA,NA,NA,0,0,0,0,0,0
"300399617003","15837602","0","Yes",135,55,100,55,NA,NA,NA,NA,NA,NA,NA,NA,NA,NA,0,0,0,0,0,0
"300130009002","396771","0","Yes",140,45,100,45,NA,NA,NA,NA,NA,NA,NA,NA,NA,NA,0,0,0,0,0,0
"300810004023","32962920","471615","Yes",685,540,305,220,NA,NA,NA,NA,NA,NA,NA,NA,NA,NA,0,0,0,0,0,0
"300290002012","7696001","2697","No",240,60,155,35,"300290002033",150,200,75,95,"300290002011",275,435,195,265,485,875,55.4285714285714,305,515,59.2233009708738
"300310005031","16994757","36041","No",1920,250,1460,180,NA,NA,NA,NA,NA,NA,NA,NA,NA,NA,0,0,0,0,0,0
"300670004003","9773043","585913","Yes",35,15,15,15,NA,NA,NA,NA,NA,NA,NA,NA,NA,NA,0,0,0,0,0,0
"301010002005","2634251500","44103139","Yes",165,115,100,85,NA,NA,NA,NA,NA,NA,NA,NA,NA,NA,0,0,0,0,0,0
"300210002002","6406426","396478","Yes",210,120,140,80,NA,NA,NA,NA,NA,NA,NA,NA,NA,NA,0,0,0,0,0,0
"300910902002","281855159","3265250","No",170,30,135,20,"300910902001",135,215,115,175,"300910904001",95,165,90,120,260,550,47.2727272727273,225,430,52.3255813953488
"300130101003","737070827","5501832","Yes",305,160,240,125,NA,NA,NA,NA,NA,NA,NA,NA,NA,NA,0,0,0,0,0,0
"300530003003","137197027","1420629","No",35,15,20,0,NA,NA,NA,NA,NA,NA,NA,NA,NA,NA,0,0,0,0,0,0
"301019800001","353797","0","No",0,0,0,0,"301010002005",115,165,85,100,"0",0,0,0,0,115,165,69.6969696969697,85,100,85
"300130012001","1083250","0","Yes",715,335,660,330,NA,NA,NA,NA,NA,NA,NA,NA,NA,NA,0,0,0,0,0,0
"300930006006","8453795","0","Yes",260,65,260,65,NA,NA,NA,NA,NA,NA,NA,NA,NA,NA,0,0,0,0,0,0
"300310002002","14597238","198737","No",1735,440,1360,300,NA,NA,NA,NA,NA,NA,NA,NA,NA,NA,0,0,0,0,0,0
"301110006002","786000","0","No",120,40,105,35,"301110005001",60,130,45,55,"301110002001",195,265,180,230,295,515,57.2815533980583,260,390,66.6666666666667
"300490012012","3821875","104077","Yes",350,190,215,140,NA,NA,NA,NA,NA,NA,NA,NA,NA,NA,0,0,0,0,0,0
"300310002001","19305019","85286","No",475,190,460,190,NA,NA,NA,NA,NA,NA,NA,NA,NA,NA,0,0,0,0,0,0
"300130022001","1523749","0","No",40,0,40,0,"300130008002",120,130,100,110,"300130022005",15,165,0,50,135,335,40.2985074626866,100,200,50
"300070001002","8791011","489011","Yes",280,110,120,25,NA,NA,NA,NA,NA,NA,NA,NA,NA,NA,0,0,0,0,0,0
"301051005003","710390","0","Yes",135,0,120,0,NA,NA,NA,NA,NA,NA,NA,NA,NA,NA,0,0,0,0,0,0
"300130002001","1582069","39789","Yes",215,135,190,125,NA,NA,NA,NA,NA,NA,NA,NA,NA,NA,0,0,0,0,0,0
"300810003001","102122647","901656","Yes",200,170,140,140,NA,NA,NA,NA,NA,NA,NA,NA,NA,NA,0,0,0,0,0,0
"300959665001","5503047","20691","No",130,35,100,35,NA,NA,NA,NA,NA,NA,NA,NA,NA,NA,0,0,0,0,0,0
"300479403032","259666386","110449919","Yes",345,200,220,165,NA,NA,NA,NA,NA,NA,NA,NA,NA,NA,0,0,0,0,0,0
"300439622024","53883254","40554","No",105,35,75,30,"300439623001",55,155,50,115,"300439622021",100,160,80,100,190,420,45.2380952380952,160,290,55.1724137931034
"300130018003","417989","0","Yes",105,65,90,55,NA,NA,NA,NA,NA,NA,NA,NA,NA,NA,0,0,0,0,0,0
"300930006003","861601","0","Yes",0,0,0,0,NA,NA,NA,NA,NA,NA,NA,NA,NA,NA,0,0,0,0,0,0
"300290006021","58873747","1655527","Yes",200,85,145,75,NA,NA,NA,NA,NA,NA,NA,NA,NA,NA,0,0,0,0,0,0
"301110015022","245165809","134336","Yes",235,75,205,65,NA,NA,NA,NA,NA,NA,NA,NA,NA,NA,0,0,0,0,0,0
"300630013044","7541125","176728","No",1020,85,630,45,NA,NA,NA,NA,NA,NA,NA,NA,NA,NA,0,0,0,0,0,0
"300630013041","1880441","0","No",85,20,85,20,NA,NA,NA,NA,NA,NA,NA,NA,NA,NA,0,0,0,0,0,0
"300310010012","3676606","18769","No",350,25,240,20,NA,NA,NA,NA,NA,NA,NA,NA,NA,NA,0,0,0,0,0,0
"300039407002","13547077","0","Yes",270,210,195,155,NA,NA,NA,NA,NA,NA,NA,NA,NA,NA,0,0,0,0,0,0
"301110014015","15687658","0","No",335,45,205,25,NA,NA,NA,NA,NA,NA,NA,NA,NA,NA,0,0,0,0,0,0
"300630003002","739280","80310","Yes",70,55,25,25,NA,NA,NA,NA,NA,NA,NA,NA,NA,NA,0,0,0,0,0,0
"300310001031","2949252","0","Yes",700,305,535,240,NA,NA,NA,NA,NA,NA,NA,NA,NA,NA,0,0,0,0,0,0
"301051005001","8170502","0","Yes",145,70,145,70,NA,NA,NA,NA,NA,NA,NA,NA,NA,NA,0,0,0,0,0,0
"301110011002","936851","0","No",245,80,135,35,"301110010005",25,200,25,95,"301110010001",235,335,215,265,340,780,43.5897435897436,275,495,55.5555555555556
"300710602002","1175956","0","Yes",290,145,215,120,NA,NA,NA,NA,NA,NA,NA,NA,NA,NA,0,0,0,0,0,0
"300290013013","16959240","1406753","Yes",245,165,180,135,NA,NA,NA,NA,NA,NA,NA,NA,NA,NA,0,0,0,0,0,0
"300310011011","229679","0","Yes",270,220,185,155,NA,NA,NA,NA,NA,NA,NA,NA,NA,NA,0,0,0,0,0,0
"300130004002","324477","0","Yes",190,130,150,110,NA,NA,NA,NA,NA,NA,NA,NA,NA,NA,0,0,0,0,0,0
"300030001002","9246175","0","Yes",470,235,380,215,NA,NA,NA,NA,NA,NA,NA,NA,NA,NA,0,0,0,0,0,0
"300490005022","2230129","7766","Yes",505,295,370,190,NA,NA,NA,NA,NA,NA,NA,NA,NA,NA,0,0,0,0,0,0
"300310007011","957708","0","No",100,35,75,35,"300310007014",60,130,50,105,"300310010022",50,75,45,70,145,305,47.5409836065574,130,250,52
"300310008002","320941","0","Yes",100,60,70,30,NA,NA,NA,NA,NA,NA,NA,NA,NA,NA,0,0,0,0,0,0
"300310003003","10774944","419655","No",285,85,195,85,NA,NA,NA,NA,NA,NA,NA,NA,NA,NA,0,0,0,0,0,0
"300959666001","332658169","2737600","No",540,145,295,80,NA,NA,NA,NA,NA,NA,NA,NA,NA,NA,0,0,0,0,0,0
"300439623002","291730593","245714","No",210,0,110,0,NA,NA,NA,NA,NA,NA,NA,NA,NA,NA,0,0,0,0,0,0
"300439622021","1905110","0","Yes",160,100,100,80,NA,NA,NA,NA,NA,NA,NA,NA,NA,NA,0,0,0,0,0,0
"300090003003","10337924","78202","Yes",160,110,150,110,NA,NA,NA,NA,NA,NA,NA,NA,NA,NA,0,0,0,0,0,0
"300590001001","386195225","1126706","Yes",255,205,195,150,NA,NA,NA,NA,NA,NA,NA,NA,NA,NA,0,0,0,0,0,0
"300570003002","9716270","0","Yes",200,110,120,80,NA,NA,NA,NA,NA,NA,NA,NA,NA,NA,0,0,0,0,0,0
"300979670002","2170213","0","No",215,30,150,20,NA,NA,NA,NA,NA,NA,NA,NA,NA,NA,0,0,0,0,0,0
"300230004001","38899048","0","Yes",95,10,25,0,NA,NA,NA,NA,NA,NA,NA,NA,NA,NA,0,0,0,0,0,0
"300230005001","418468641","2754143","Yes",60,30,20,0,NA,NA,NA,NA,NA,NA,NA,NA,NA,NA,0,0,0,0,0,0
"300979670003","4468471","0","No",85,40,75,35,NA,NA,NA,NA,NA,NA,NA,NA,NA,NA,0,0,0,0,0,0
"300090001002","4989276","0","Yes",145,70,70,40,NA,NA,NA,NA,NA,NA,NA,NA,NA,NA,0,0,0,0,0,0
"300130106003","126615718","27298","Yes",170,80,110,65,NA,NA,NA,NA,NA,NA,NA,NA,NA,NA,0,0,0,0,0,0
"300930008004","69410778","0","No",520,20,265,0,NA,NA,NA,NA,NA,NA,NA,NA,NA,NA,0,0,0,0,0,0
"300930008002","98652079","123194","Yes",325,220,265,185,NA,NA,NA,NA,NA,NA,NA,NA,NA,NA,0,0,0,0,0,0
"300990002002","566810521","17463130","No",475,215,355,160,NA,NA,NA,NA,NA,NA,NA,NA,NA,NA,0,0,0,0,0,0
"300010002002","407893394","256581","No",395,150,305,130,"300010002001",150,305,100,170,"300010003001",130,245,120,210,430,945,45.5026455026455,350,685,51.0948905109489
"300930005003","631890","0","No",125,15,80,4,"300930007001",80,320,60,240,"300930006001",285,355,275,280,380,800,47.5,339,600,56.5
"300930007001","1907423","0","No",320,80,240,60,"300930006005",10,55,10,10,"300930006001",285,355,275,280,375,730,51.3698630136986,345,530,65.0943396226415
"300930005002","1113711","0","No",290,0,180,0,NA,NA,NA,NA,NA,NA,NA,NA,NA,NA,0,0,0,0,0,0
"300930002003","498714","0","No",205,40,135,25,"300930001004",285,310,245,245,"300930001006",15,15,15,15,340,530,64.1509433962264,285,395,72.1518987341772
"300179620001","1117213","763","No",60,15,20,4,"300179618002",50,105,35,70,"300179620002",45,160,45,75,110,325,33.8461538461538,84,165,50.9090909090909
"300179616001","2833855","0","No",210,0,160,0,NA,NA,NA,NA,NA,NA,NA,NA,NA,NA,0,0,0,0,0,0
"300179618002","459771","0","Yes",105,50,70,35,NA,NA,NA,NA,NA,NA,NA,NA,NA,NA,0,0,0,0,0,0
"300179619001","3633517","78383","No",145,0,130,0,NA,NA,NA,NA,NA,NA,NA,NA,NA,NA,0,0,0,0,0,0
"300530001002","6893022","91439","Yes",310,205,230,130,NA,NA,NA,NA,NA,NA,NA,NA,NA,NA,0,0,0,0,0,0
"300530004002","3659483","0","Yes",305,230,175,140,NA,NA,NA,NA,NA,NA,NA,NA,NA,NA,0,0,0,0,0,0
"300530002001","1639892","66113","No",105,30,90,30,"300530002002",45,45,40,40,"300530003002",20,25,20,25,95,175,54.2857142857143,90,155,58.0645161290323
"300530003002","2672888","134531","Yes",25,20,25,20,NA,NA,NA,NA,NA,NA,NA,NA,NA,NA,0,0,0,0,0,0
"300010003002","7240175","0","No",110,35,90,25,"300010002001",150,305,100,170,"300010003001",130,245,120,210,315,660,47.7272727272727,245,470,52.1276595744681
"300010003001","7395346","0","Yes",245,130,210,120,NA,NA,NA,NA,NA,NA,NA,NA,NA,NA,0,0,0,0,0,0
"300990002001","171959052","2188505","No",215,45,130,45,NA,NA,NA,NA,NA,NA,NA,NA,NA,NA,0,0,0,0,0,0
"300130101001","22452322","397550","No",320,140,270,110,NA,NA,NA,NA,NA,NA,NA,NA,NA,NA,0,0,0,0,0,0
"300130001002","7208837","486982","Yes",185,155,175,145,NA,NA,NA,NA,NA,NA,NA,NA,NA,NA,0,0,0,0,0,0
"300130108001","801742","446589","Yes",375,365,310,310,NA,NA,NA,NA,NA,NA,NA,NA,NA,NA,0,0,0,0,0,0
"300130017002","1708478","93098","No",150,35,80,30,"300130016004",120,215,110,170,"300130017001",40,75,15,25,195,440,44.3181818181818,155,275,56.3636363636364
"300130021002","787167","0","Yes",135,50,75,50,NA,NA,NA,NA,NA,NA,NA,NA,NA,NA,0,0,0,0,0,0
"300130021004","693193","0","Yes",60,60,40,40,NA,NA,NA,NA,NA,NA,NA,NA,NA,NA,0,0,0,0,0,0
"300130108002","395622","0","Yes",150,90,105,90,NA,NA,NA,NA,NA,NA,NA,NA,NA,NA,0,0,0,0,0,0
"300130007002","1305517","214682","Yes",185,170,155,145,NA,NA,NA,NA,NA,NA,NA,NA,NA,NA,0,0,0,0,0,0
"300130011002","419760","0","No",260,75,185,55,NA,NA,NA,NA,NA,NA,NA,NA,NA,NA,0,0,0,0,0,0
"300130016001","467614","0","Yes",450,375,425,365,NA,NA,NA,NA,NA,NA,NA,NA,NA,NA,0,0,0,0,0,0
"301070001001","1685778852","8384127","Yes",290,175,200,145,NA,NA,NA,NA,NA,NA,NA,NA,NA,NA,0,0,0,0,0,0
"301090001001","2301488703","1756846","Yes",230,120,140,50,NA,NA,NA,NA,NA,NA,NA,NA,NA,NA,0,0,0,0,0,0
"300990001002","1136984767","124333","No",365,150,255,105,NA,NA,NA,NA,NA,NA,NA,NA,NA,NA,0,0,0,0,0,0
"300510501002","1642293377","42942262","Yes",180,85,130,65,NA,NA,NA,NA,NA,NA,NA,NA,NA,NA,0,0,0,0,0,0
"300190203002","180426823","147750","No",280,30,195,15,NA,NA,NA,NA,NA,NA,NA,NA,NA,NA,0,0,0,0,0,0
"300490005012","7507446","0","Yes",430,210,315,180,NA,NA,NA,NA,NA,NA,NA,NA,NA,NA,0,0,0,0,0,0
"300310005041","18354337","109466","No",310,10,225,0,NA,NA,NA,NA,NA,NA,NA,NA,NA,NA,0,0,0,0,0,0
"300310012003","13670601","7831","No",735,235,620,205,NA,NA,NA,NA,NA,NA,NA,NA,NA,NA,0,0,0,0,0,0
"300310011012","309113","0","Yes",0,0,0,0,NA,NA,NA,NA,NA,NA,NA,NA,NA,NA,0,0,0,0,0,0
"300150103004","134866041","360728","Yes",465,380,245,205,NA,NA,NA,NA,NA,NA,NA,NA,NA,NA,0,0,0,0,0,0
"300130021001","40964780","0","No",730,0,485,0,NA,NA,NA,NA,NA,NA,NA,NA,NA,NA,0,0,0,0,0,0
"300130107001","314469800","2603141","No",205,35,165,25,NA,NA,NA,NA,NA,NA,NA,NA,NA,NA,0,0,0,0,0,0
"300130022002","1772770","0","Yes",280,180,220,145,NA,NA,NA,NA,NA,NA,NA,NA,NA,NA,0,0,0,0,0,0
"300130017001","5532438","297626","Yes",75,40,25,15,NA,NA,NA,NA,NA,NA,NA,NA,NA,NA,0,0,0,0,0,0
"300310004002","117889721","156334","No",480,140,340,120,NA,NA,NA,NA,NA,NA,NA,NA,NA,NA,0,0,0,0,0,0
"300310011021","19953421","15061","No",450,110,285,85,"300310011011",220,270,155,185,"300310011013",100,130,85,110,430,850,50.5882352941176,325,580,56.0344827586207
"300310012001","61988318","10455","No",250,90,180,50,NA,NA,NA,NA,NA,NA,NA,NA,NA,NA,0,0,0,0,0,0
"300310016002","59748787","41233","No",345,70,295,70,NA,NA,NA,NA,NA,NA,NA,NA,NA,NA,0,0,0,0,0,0
"300310010023","3847119","0","No",315,30,200,0,NA,NA,NA,NA,NA,NA,NA,NA,NA,NA,0,0,0,0,0,0
"300310002003","27200220","72422","No",955,145,815,125,NA,NA,NA,NA,NA,NA,NA,NA,NA,NA,0,0,0,0,0,0
"300310005012","250443116","242928","No",210,25,135,15,NA,NA,NA,NA,NA,NA,NA,NA,NA,NA,0,0,0,0,0,0
"300490002002","214968415","20746","No",180,0,145,0,NA,NA,NA,NA,NA,NA,NA,NA,NA,NA,0,0,0,0,0,0
"300310012004","203239322","1381037","No",155,30,105,25,NA,NA,NA,NA,NA,NA,NA,NA,NA,NA,0,0,0,0,0,0
"300310005011","174728888","41539","No",185,25,90,20,NA,NA,NA,NA,NA,NA,NA,NA,NA,NA,0,0,0,0,0,0
"300310015002","1282084630","53430345","Yes",100,20,50,20,NA,NA,NA,NA,NA,NA,NA,NA,NA,NA,0,0,0,0,0,0
"300310001011","34987868","135045","No",530,80,195,0,"300310001033",390,820,360,670,"300310001032",420,675,340,495,890,2025,43.9506172839506,700,1360,51.4705882352941
"300530003004","60784231","2396277","No",215,75,115,30,"300530001002",205,310,130,230,"300530002002",45,45,40,40,325,570,57.0175438596491,200,385,51.9480519480519
"300810002024","98952880","167006","No",455,140,325,125,"300810004021",50,150,40,80,"300810002012",160,220,140,165,350,825,42.4242424242424,305,570,53.5087719298246
"300810004012","22373015","17732","Yes",565,430,365,295,NA,NA,NA,NA,NA,NA,NA,NA,NA,NA,0,0,0,0,0,0
"300630004003","33213277","379739","No",100,45,85,30,"300630005004",170,380,145,285,"300630014004",80,125,65,105,295,605,48.7603305785124,240,475,50.5263157894737
"300630013042","2939948","128979","No",455,85,290,85,NA,NA,NA,NA,NA,NA,NA,NA,NA,NA,0,0,0,0,0,0
"300630002022","9254760","356345","No",305,0,305,0,"300630002011",275,330,250,285,"300630008001",200,290,170,195,475,925,51.3513513513513,420,785,53.5031847133758
"300630009012","6085665","497485","Yes",225,40,205,40,NA,NA,NA,NA,NA,NA,NA,NA,NA,NA,0,0,0,0,0,0
"300630016002","148132350","128915","Yes",470,240,275,115,NA,NA,NA,NA,NA,NA,NA,NA,NA,NA,0,0,0,0,0,0
"300630015001","160864208","326639","No",195,35,95,20,NA,NA,NA,NA,NA,NA,NA,NA,NA,NA,0,0,0,0,0,0
"300930001001","1158666","0","Yes",215,135,90,50,NA,NA,NA,NA,NA,NA,NA,NA,NA,NA,0,0,0,0,0,0
"300790001001","4497780202","15092932","Yes",355,160,240,120,NA,NA,NA,NA,NA,NA,NA,NA,NA,NA,0,0,0,0,0,0
"300630015004","28967609","376118","No",335,150,105,35,NA,NA,NA,NA,NA,NA,NA,NA,NA,NA,0,0,0,0,0,0
"300910904002","1116502254","45327931","Yes",95,20,65,10,NA,NA,NA,NA,NA,NA,NA,NA,NA,NA,0,0,0,0,0,0
"300419403002","60917371","0","Yes",380,240,265,155,NA,NA,NA,NA,NA,NA,NA,NA,NA,NA,0,0,0,0,0,0
"300419403001","183960298","29646","Yes",300,195,195,140,NA,NA,NA,NA,NA,NA,NA,NA,NA,NA,0,0,0,0,0,0
"301110004011","545868","0","Yes",225,140,155,125,NA,NA,NA,NA,NA,NA,NA,NA,NA,NA,0,0,0,0,0,0
"301110018024","777152","0","No",320,45,140,0,NA,NA,NA,NA,NA,NA,NA,NA,NA,NA,0,0,0,0,0,0
"301110018011","6891968","0","No",585,10,480,10,NA,NA,NA,NA,NA,NA,NA,NA,NA,NA,0,0,0,0,0,0
"301110014012","273270714","11649","No",710,160,525,150,NA,NA,NA,NA,NA,NA,NA,NA,NA,NA,0,0,0,0,0,0
"301110015013","26071854","547157","Yes",245,170,110,70,NA,NA,NA,NA,NA,NA,NA,NA,NA,NA,0,0,0,0,0,0
"300710602001","9885633","0","Yes",135,95,115,90,NA,NA,NA,NA,NA,NA,NA,NA,NA,NA,0,0,0,0,0,0
"301119400001","228483630","449785","No",170,0,115,0,"300039405002",170,245,110,160,"301110015011",455,810,215,470,625,1225,51.0204081632653,325,745,43.6241610738255
"301110019023","3573207","0","No",445,135,355,125,NA,NA,NA,NA,NA,NA,NA,NA,NA,NA,0,0,0,0,0,0
"301110019021","5196943","0","No",205,20,115,15,NA,NA,NA,NA,NA,NA,NA,NA,NA,NA,0,0,0,0,0,0
"301119400005","1019464933","1198487","No",515,195,410,195,"301110009013",135,430,135,370,"301110003001",455,455,365,365,785,1400,56.0714285714286,695,1145,60.6986899563319
"300479405003","176534469","5643054","Yes",450,160,245,135,NA,NA,NA,NA,NA,NA,NA,NA,NA,NA,0,0,0,0,0,0
"300959665002","1533857739","6477273","No",180,70,110,40,NA,NA,NA,NA,NA,NA,NA,NA,NA,NA,0,0,0,0,0,0
"300290004014","1558765","319294","No",90,0,70,0,NA,NA,NA,NA,NA,NA,NA,NA,NA,NA,0,0,0,0,0,0
"300290004023","605361","50290","No",0,0,0,0,NA,NA,NA,NA,NA,NA,NA,NA,NA,NA,0,0,0,0,0,0
"300290013012","22770293","44624465","Yes",445,310,330,265,NA,NA,NA,NA,NA,NA,NA,NA,NA,NA,0,0,0,0,0,0
"300290002022","46024382","861360","Yes",245,115,145,115,NA,NA,NA,NA,NA,NA,NA,NA,NA,NA,0,0,0,0,0,0
"300290002011","152179616","2353806","Yes",435,275,265,195,NA,NA,NA,NA,NA,NA,NA,NA,NA,NA,0,0,0,0,0,0
"300290012004","4869923","340454","Yes",155,140,105,105,NA,NA,NA,NA,NA,NA,NA,NA,NA,NA,0,0,0,0,0,0
"300290006013","19096044","185639","Yes",170,90,150,75,NA,NA,NA,NA,NA,NA,NA,NA,NA,NA,0,0,0,0,0,0
"300290002032","1976411","322749","No",425,55,215,30,"300290002033",150,200,75,95,"300290002011",275,435,195,265,480,1060,45.2830188679245,300,575,52.1739130434783
"300290010001","1062184","0","Yes",135,110,65,50,NA,NA,NA,NA,NA,NA,NA,NA,NA,NA,0,0,0,0,0,0
"301110007051","341975","0","Yes",265,205,155,130,NA,NA,NA,NA,NA,NA,NA,NA,NA,NA,0,0,0,0,0,0
"301110004023","1026768","0","Yes",80,70,30,20,NA,NA,NA,NA,NA,NA,NA,NA,NA,NA,0,0,0,0,0,0
"300739772001","649777923","13723623","Yes",340,250,230,175,NA,NA,NA,NA,NA,NA,NA,NA,NA,NA,0,0,0,0,0,0
"301110002001","927237","0","Yes",265,195,230,180,NA,NA,NA,NA,NA,NA,NA,NA,NA,NA,0,0,0,0,0,0
"300479403034","17778228","30133395","Yes",0,0,0,0,NA,NA,NA,NA,NA,NA,NA,NA,NA,NA,0,0,0,0,0,0
"300479404003","91103352","456888","Yes",150,105,70,65,NA,NA,NA,NA,NA,NA,NA,NA,NA,NA,0,0,0,0,0,0
"301119400003","10691436","0","No",465,80,280,35,NA,NA,NA,NA,NA,NA,NA,NA,NA,NA,0,0,0,0,0,0
"300359404004","689337788","7550324","Yes",195,50,100,25,NA,NA,NA,NA,NA,NA,NA,NA,NA,NA,0,0,0,0,0,0
"300230004002","1207697","0","Yes",40,20,10,0,NA,NA,NA,NA,NA,NA,NA,NA,NA,NA,0,0,0,0,0,0
"301070001002","1998429554","4626798","Yes",270,185,205,185,NA,NA,NA,NA,NA,NA,NA,NA,NA,NA,0,0,0,0,0,0
"301051005002","8771558","0","Yes",305,255,265,230,NA,NA,NA,NA,NA,NA,NA,NA,NA,NA,0,0,0,0,0,0
"300810001001","165003005","442064","No",245,85,45,15,NA,NA,NA,NA,NA,NA,NA,NA,NA,NA,0,0,0,0,0,0
"300810004022","59202113","96336","No",535,50,450,50,"300810003002",215,345,75,145,"300810004023",540,685,220,305,805,1565,51.4376996805112,345,900,38.3333333333333
"300810005003","4030327","113093","Yes",275,215,245,200,NA,NA,NA,NA,NA,NA,NA,NA,NA,NA,0,0,0,0,0,0
"300810006001","8740711","50470","Yes",600,430,400,290,NA,NA,NA,NA,NA,NA,NA,NA,NA,NA,0,0,0,0,0,0
"300770002006","30489035","170827","Yes",0,0,0,0,NA,NA,NA,NA,NA,NA,NA,NA,NA,NA,0,0,0,0,0,0
"300770002004","2426213","0","Yes",165,100,120,95,NA,NA,NA,NA,NA,NA,NA,NA,NA,NA,0,0,0,0,0,0
"300490009003","460084","0","Yes",370,215,255,160,NA,NA,NA,NA,NA,NA,NA,NA,NA,NA,0,0,0,0,0,0
"300490007003","525661","0","No",170,70,150,50,NA,NA,NA,NA,NA,NA,NA,NA,NA,NA,0,0,0,0,0,0
"300490010005","9595439","5177","No",130,0,115,0,"300490010001",40,105,10,75,"300490011003",220,460,220,255,260,695,37.410071942446,230,445,51.685393258427
"300490011004","14496096","3063","No",205,0,160,0,"300490011003",220,460,220,255,"300490004005",225,430,155,330,445,1095,40.6392694063927,375,745,50.3355704697987
"300490012011","9675328","159883","No",100,30,45,20,"300490012012",190,350,140,215,"300490004005",225,430,155,330,445,880,50.5681818181818,315,590,53.3898305084746
"300490009002","552543","0","No",75,30,55,10,"300490010002",140,245,115,200,"300490009003",215,370,160,255,385,690,55.7971014492754,285,510,55.8823529411765
"300650002001","10298468","0","Yes",85,50,55,40,NA,NA,NA,NA,NA,NA,NA,NA,NA,NA,0,0,0,0,0,0
"300650002002","15441116","62081","No",335,140,250,110,"300650001001",110,170,100,110,"300650002001",50,85,40,55,300,590,50.8474576271186,250,415,60.2409638554217
"300490007006","33963506","63768","No",35,0,0,0,NA,NA,NA,NA,NA,NA,NA,NA,NA,NA,0,0,0,0,0,0
"300490005023","938248","0","No",280,0,185,0,NA,NA,NA,NA,NA,NA,NA,NA,NA,NA,0,0,0,0,0,0
"300210003005","76971975","2163527","Yes",150,65,60,20,NA,NA,NA,NA,NA,NA,NA,NA,NA,NA,0,0,0,0,0,0
"300210002003","5811840","1260108","Yes",260,200,185,150,NA,NA,NA,NA,NA,NA,NA,NA,NA,NA,0,0,0,0,0,0
"300210001002","2860383022","1296080","No",140,35,75,20,NA,NA,NA,NA,NA,NA,NA,NA,NA,NA,0,0,0,0,0,0
"300210003001","12084974","586202","Yes",360,185,305,185,NA,NA,NA,NA,NA,NA,NA,NA,NA,NA,0,0,0,0,0,0
"300830703002","3227941","0","No",465,50,300,30,NA,NA,NA,NA,NA,NA,NA,NA,NA,NA,0,0,0,0,0,0
"300830704003","4688441","0","Yes",315,260,265,225,NA,NA,NA,NA,NA,NA,NA,NA,NA,NA,0,0,0,0,0,0
"300830704001","105465416","7164878","Yes",265,55,215,50,NA,NA,NA,NA,NA,NA,NA,NA,NA,NA,0,0,0,0,0,0
"300570003001","2889886954","4451525","No",185,30,135,10,NA,NA,NA,NA,NA,NA,NA,NA,NA,NA,0,0,0,0,0,0
"300670003001","5631957","249884","No",240,55,205,55,NA,NA,NA,NA,NA,NA,NA,NA,NA,NA,0,0,0,0,0,0
"300670004001","1239157","0","No",90,25,40,15,NA,NA,NA,NA,NA,NA,NA,NA,NA,NA,0,0,0,0,0,0
"300670005001","37847647","132002","No",225,45,155,0,NA,NA,NA,NA,NA,NA,NA,NA,NA,NA,0,0,0,0,0,0
"300670004004","886305","81272","No",175,0,125,0,NA,NA,NA,NA,NA,NA,NA,NA,NA,NA,0,0,0,0,0,0
"300670001001","954898252","1904640","No",200,25,165,10,NA,NA,NA,NA,NA,NA,NA,NA,NA,NA,0,0,0,0,0,0
"300679806001","376074869","1307247","No",0,0,0,0,"300310016001",120,170,45,80,"300310015002",20,100,20,50,140,270,51.8518518518518,65,130,50
"300130104002","1995616904","11429819","No",215,65,160,40,NA,NA,NA,NA,NA,NA,NA,NA,NA,NA,0,0,0,0,0,0
"300359760001","649770852","4972096","No",145,45,80,20,"301010002005",115,165,85,100,"301010001001",50,110,20,70,210,420,50,125,250,50
"300359760004","1082936","40378","Yes",425,185,355,185,NA,NA,NA,NA,NA,NA,NA,NA,NA,NA,0,0,0,0,0,0
"300359402004","2845397","79611","Yes",410,355,290,265,NA,NA,NA,NA,NA,NA,NA,NA,NA,NA,0,0,0,0,0,0
"300359402003","547488","0","Yes",160,105,100,75,NA,NA,NA,NA,NA,NA,NA,NA,NA,NA,0,0,0,0,0,0
"300530004001","810794325","6138042","Yes",370,125,220,75,NA,NA,NA,NA,NA,NA,NA,NA,NA,NA,0,0,0,0,0,0
"300879404001","267719285","0","Yes",775,590,535,430,NA,NA,NA,NA,NA,NA,NA,NA,NA,NA,0,0,0,0,0,0
"300870001002","2308113","105063","No",480,70,315,50,NA,NA,NA,NA,NA,NA,NA,NA,NA,NA,0,0,0,0,0,0
"300110003002","6841902437","18021362","No",85,30,70,25,NA,NA,NA,NA,NA,NA,NA,NA,NA,NA,0,0,0,0,0,0
"300110003001","1809890336","1481959","No",180,40,120,35,NA,NA,NA,NA,NA,NA,NA,NA,NA,NA,0,0,0,0,0,0
"301039635001","2532492080","17149961","Yes",195,130,90,55,NA,NA,NA,NA,NA,NA,NA,NA,NA,NA,0,0,0,0,0,0
"301110008002","2818899","0","Yes",550,225,340,170,NA,NA,NA,NA,NA,NA,NA,NA,NA,NA,0,0,0,0,0,0
"301110018031","2012045","0","No",135,30,85,30,NA,NA,NA,NA,NA,NA,NA,NA,NA,NA,0,0,0,0,0,0
"301110004021","501597","0","No",125,4,105,4,"301110005002",40,90,40,90,"301110002001",195,265,180,230,239,480,49.7916666666667,224,425,52.7058823529412
"301110007052","836516","0","No",340,45,185,35,NA,NA,NA,NA,NA,NA,NA,NA,NA,NA,0,0,0,0,0,0
"301110010001","556771","0","Yes",335,235,265,215,NA,NA,NA,NA,NA,NA,NA,NA,NA,NA,0,0,0,0,0,0
"301110012002","931994","0","Yes",440,230,340,230,NA,NA,NA,NA,NA,NA,NA,NA,NA,NA,0,0,0,0,0,0
"301110013002","697285","0","No",285,25,195,25,NA,NA,NA,NA,NA,NA,NA,NA,NA,NA,0,0,0,0,0,0
"301110017031","1308768","0","Yes",315,220,185,165,NA,NA,NA,NA,NA,NA,NA,NA,NA,NA,0,0,0,0,0,0
"301110018041","1283042","0","Yes",285,170,170,75,NA,NA,NA,NA,NA,NA,NA,NA,NA,NA,0,0,0,0,0,0
"301110002002","608582","0","Yes",285,220,255,200,NA,NA,NA,NA,NA,NA,NA,NA,NA,NA,0,0,0,0,0,0
"301110003001","3695086","353597","Yes",455,455,365,365,NA,NA,NA,NA,NA,NA,NA,NA,NA,NA,0,0,0,0,0,0
"301110007022","2715659","0","No",480,35,285,35,NA,NA,NA,NA,NA,NA,NA,NA,NA,NA,0,0,0,0,0,0
"301110007023","4669281","584383","No",1070,405,660,280,NA,NA,NA,NA,NA,NA,NA,NA,NA,NA,0,0,0,0,0,0
"301110008003","4655130","0","Yes",595,290,465,245,NA,NA,NA,NA,NA,NA,NA,NA,NA,NA,0,0,0,0,0,0
"301110009012","1448844","0","Yes",340,260,260,210,NA,NA,NA,NA,NA,NA,NA,NA,NA,NA,0,0,0,0,0,0
"301110009021","3183526","0","Yes",425,415,390,390,NA,NA,NA,NA,NA,NA,NA,NA,NA,NA,0,0,0,0,0,0
"301110019012","1307868","0","No",115,40,90,40,NA,NA,NA,NA,NA,NA,NA,NA,NA,NA,0,0,0,0,0,0
"300630011003","407292","0","No",185,40,185,40,NA,NA,NA,NA,NA,NA,NA,NA,NA,NA,0,0,0,0,0,0
"300630011002","662993","0","No",150,70,90,35,"300630007003",175,270,110,130,"300630008004",140,260,100,200,385,680,56.6176470588235,245,420,58.3333333333333
"300630013034","483081","0","Yes",105,105,105,105,NA,NA,NA,NA,NA,NA,NA,NA,NA,NA,0,0,0,0,0,0
"300290006022","68239621","2408657","No",465,145,295,90,"300290002021",45,155,45,60,"300290002022",115,245,115,145,305,865,35.2601156069364,250,500,50
"300290013023","72669480","4098942","No",330,100,175,65,"300290006022",145,465,90,295,"300290013012",310,445,265,330,555,1240,44.758064516129,420,800,52.5
"300290007003","8719512","212844","Yes",380,85,265,75,NA,NA,NA,NA,NA,NA,NA,NA,NA,NA,0,0,0,0,0,0
"300290008001","19963855","71998","No",1090,430,805,310,"300290009001",600,975,250,535,"300290009002",280,420,180,215,1310,2485,52.7162977867203,740,1555,47.588424437299
"300290012002","11864400","796248","No",1110,470,830,370,"300290011001",115,130,95,95,"300290014003",220,475,195,345,805,1715,46.9387755102041,660,1270,51.9685039370079
"300290012003","22205300","3910258","No",275,65,130,40,"300290011006",155,170,115,130,"300290011003",65,100,45,45,285,545,52.2935779816514,200,305,65.5737704918033
"300290017003","125782553","49861","No",470,165,365,145,NA,NA,NA,NA,NA,NA,NA,NA,NA,NA,0,0,0,0,0,0
"300479405004","4429214","25857","Yes",360,265,225,175,NA,NA,NA,NA,NA,NA,NA,NA,NA,NA,0,0,0,0,0,0
"300290017004","116211644","11952127","No",275,80,230,80,NA,NA,NA,NA,NA,NA,NA,NA,NA,NA,0,0,0,0,0,0
"300290014001","87158702","46160046","No",200,35,125,0,"300290017005",115,340,100,260,"300290013012",310,445,265,330,460,985,46.7005076142132,365,715,51.0489510489511
"300290003002","35567658","24351","No",100,0,100,0,"300290003003",135,285,135,275,"300290002011",275,435,195,265,410,820,50,330,640,51.5625
"300479406003","205490005","3355718","Yes",115,85,75,60,NA,NA,NA,NA,NA,NA,NA,NA,NA,NA,0,0,0,0,0,0
"300479406002","4227177","7211","Yes",420,320,330,265,NA,NA,NA,NA,NA,NA,NA,NA,NA,NA,0,0,0,0,0,0
"300630002023","42282685","13066","No",1320,210,930,150,NA,NA,NA,NA,NA,NA,NA,NA,NA,NA,0,0,0,0,0,0
"300630013023","49679722","1109","No",235,20,200,0,NA,NA,NA,NA,NA,NA,NA,NA,NA,NA,0,0,0,0,0,0
"300630001004","487930","0","No",105,20,60,20,"300630003001",15,15,0,0,"300630002013",85,160,85,145,120,280,42.8571428571429,105,205,51.219512195122
"300630002013","757550","0","Yes",160,85,145,85,NA,NA,NA,NA,NA,NA,NA,NA,NA,NA,0,0,0,0,0,0
"300630005002","834165","6950","No",95,0,95,0,NA,NA,NA,NA,NA,NA,NA,NA,NA,NA,0,0,0,0,0,0
"300630007002","434628","0","Yes",95,25,50,10,NA,NA,NA,NA,NA,NA,NA,NA,NA,NA,0,0,0,0,0,0
"300890002005","1157007","215920","Yes",100,50,65,35,NA,NA,NA,NA,NA,NA,NA,NA,NA,NA,0,0,0,0,0,0
"300630008001","1754338","133776","Yes",290,200,195,170,NA,NA,NA,NA,NA,NA,NA,NA,NA,NA,0,0,0,0,0,0
"300630015003","6196699","446427","No",380,65,280,65,NA,NA,NA,NA,NA,NA,NA,NA,NA,NA,0,0,0,0,0,0
"300630015002","55770818","44853","No",530,155,435,125,NA,NA,NA,NA,NA,NA,NA,NA,NA,NA,0,0,0,0,0,0
"300630001003","17084539","2877","No",320,0,245,0,"300630002011",275,330,250,285,"300630002012",150,215,150,215,425,865,49.1329479768786,400,745,53.6912751677852
"300630002011","5291677","21515","Yes",330,275,285,250,NA,NA,NA,NA,NA,NA,NA,NA,NA,NA,0,0,0,0,0,0
"300899403002","508203924","2800572","Yes",195,105,135,70,NA,NA,NA,NA,NA,NA,NA,NA,NA,NA,0,0,0,0,0,0
"300470002001","64437769","24661142","No",155,20,120,20,"300470001001",85,190,30,90,"300290013012",310,445,265,330,415,790,52.5316455696203,315,540,58.3333333333333
"300479406001","133561226","455063","Yes",235,130,165,75,NA,NA,NA,NA,NA,NA,NA,NA,NA,NA,0,0,0,0,0,0
"300270302001","13551824","0","Yes",610,345,400,260,NA,NA,NA,NA,NA,NA,NA,NA,NA,NA,0,0,0,0,0,0
"300479405001","234929018","7474347","Yes",395,150,220,90,NA,NA,NA,NA,NA,NA,NA,NA,NA,NA,0,0,0,0,0,0
"300630014001","453603042","2964097","No",440,170,285,140,NA,NA,NA,NA,NA,NA,NA,NA,NA,NA,0,0,0,0,0,0
"300410403002","22218775","0","Yes",80,80,80,80,NA,NA,NA,NA,NA,NA,NA,NA,NA,NA,0,0,0,0,0,0
"300859400011","1444042740","4174409","Yes",265,60,165,35,NA,NA,NA,NA,NA,NA,NA,NA,NA,NA,0,0,0,0,0,0
"300910902003","1757979641","1296123","No",175,35,100,30,"300910902001",135,215,115,175,"300910904001",95,165,90,120,265,555,47.7477477477478,235,395,59.4936708860759
"300410401001","1870291076","3601774","Yes",125,75,105,65,NA,NA,NA,NA,NA,NA,NA,NA,NA,NA,0,0,0,0,0,0
"300979670001","2805451383","11589335","No",225,85,165,75,"300590001002",100,185,55,110,"301070001001",175,290,145,200,360,700,51.4285714285714,275,475,57.8947368421053
"300310011013","1231870","0","Yes",130,100,110,85,NA,NA,NA,NA,NA,NA,NA,NA,NA,NA,0,0,0,0,0,0
"300979670005","5134790","230361","No",170,60,85,30,NA,NA,NA,NA,NA,NA,NA,NA,NA,NA,0,0,0,0,0,0
"300830703001","173595249","433035","No",490,115,395,90,NA,NA,NA,NA,NA,NA,NA,NA,NA,NA,0,0,0,0,0,0
"300250001003","21373584","453342","No",220,40,190,35,NA,NA,NA,NA,NA,NA,NA,NA,NA,NA,0,0,0,0,0,0
"300859400024","5113931","455720","Yes",340,240,260,200,NA,NA,NA,NA,NA,NA,NA,NA,NA,NA,0,0,0,0,0,0
"300479403012","1266376","18881633","Yes",100,75,85,60,NA,NA,NA,NA,NA,NA,NA,NA,NA,NA,0,0,0,0,0,0
"300490005011","13228873","0","No",570,145,315,120,NA,NA,NA,NA,NA,NA,NA,NA,NA,NA,0,0,0,0,0,0
"300130012002","16696767","0","No",550,230,525,225,"300130001002",155,185,145,175,"300130012001",335,715,330,660,720,1450,49.6551724137931,700,1360,51.4705882352941
"300479403035","1565699","212318","Yes",425,395,425,395,NA,NA,NA,NA,NA,NA,NA,NA,NA,NA,0,0,0,0,0,0
"300479407001","362121292","1039746","Yes",255,115,150,75,NA,NA,NA,NA,NA,NA,NA,NA,NA,NA,0,0,0,0,0,0
"301110007062","567645","0","Yes",170,115,150,115,NA,NA,NA,NA,NA,NA,NA,NA,NA,NA,0,0,0,0,0,0
"301110013003","593960","0","No",355,60,310,60,NA,NA,NA,NA,NA,NA,NA,NA,NA,NA,0,0,0,0,0,0
"300930008003","36811456","9508","No",105,15,80,15,"300930001006",15,15,15,15,"300930008002",220,325,185,265,250,445,56.1797752808989,215,360,59.7222222222222
"300290007001","3271078","64694","Yes",465,220,350,205,NA,NA,NA,NA,NA,NA,NA,NA,NA,NA,0,0,0,0,0,0
"300039404001","2397115828","9178818","Yes",665,480,410,295,NA,NA,NA,NA,NA,NA,NA,NA,NA,NA,0,0,0,0,0,0
"300290004011","23918271","185819","No",315,80,275,80,"300290002011",275,435,195,265,"300290006013",90,170,75,150,445,920,48.3695652173913,350,690,50.7246376811594
"300310007014","510249","0","No",130,60,105,50,NA,NA,NA,NA,NA,NA,NA,NA,NA,NA,0,0,0,0,0,0
"300090004002","1455187498","15468663","Yes",85,40,20,10,NA,NA,NA,NA,NA,NA,NA,NA,NA,NA,0,0,0,0,0,0
"300490006002","64119580","73893","No",345,30,240,30,NA,NA,NA,NA,NA,NA,NA,NA,NA,NA,0,0,0,0,0,0
"301110005002","337133","0","Yes",90,40,90,40,NA,NA,NA,NA,NA,NA,NA,NA,NA,NA,0,0,0,0,0,0
"301010002003","2810912","0","Yes",165,10,120,10,NA,NA,NA,NA,NA,NA,NA,NA,NA,NA,0,0,0,0,0,0
"300290011004","438109","0","Yes",245,60,230,50,NA,NA,NA,NA,NA,NA,NA,NA,NA,NA,0,0,0,0,0,0
"300290014002","51716558","11853111","No",255,120,205,70,NA,NA,NA,NA,NA,NA,NA,NA,NA,NA,0,0,0,0,0,0
"300150102002","8418401","861807","Yes",70,50,70,50,NA,NA,NA,NA,NA,NA,NA,NA,NA,NA,0,0,0,0,0,0
"300179615002","3609156","797464","Yes",180,65,145,40,NA,NA,NA,NA,NA,NA,NA,NA,NA,NA,0,0,0,0,0,0
"300059402002","619641023","452759","Yes",335,245,240,195,NA,NA,NA,NA,NA,NA,NA,NA,NA,NA,0,0,0,0,0,0
"300570002002","258878936","249917","Yes",135,45,85,20,NA,NA,NA,NA,NA,NA,NA,NA,NA,NA,0,0,0,0,0,0
"300630009013","3616234","0","Yes",525,415,365,295,NA,NA,NA,NA,NA,NA,NA,NA,NA,NA,0,0,0,0,0,0
"300630018004","138350074","4527493","No",165,55,145,45,NA,NA,NA,NA,NA,NA,NA,NA,NA,NA,0,0,0,0,0,0
"301110007043","10892181","0","No",460,55,280,35,NA,NA,NA,NA,NA,NA,NA,NA,NA,NA,0,0,0,0,0,0
"300130019002","1569171","0","No",295,30,165,0,NA,NA,NA,NA,NA,NA,NA,NA,NA,NA,0,0,0,0,0,0
"300810005001","35371944","468655","Yes",220,140,120,120,NA,NA,NA,NA,NA,NA,NA,NA,NA,NA,0,0,0,0,0,0
"300039406002","1206825146","1720061","Yes",670,410,510,305,NA,NA,NA,NA,NA,NA,NA,NA,NA,NA,0,0,0,0,0,0
"300630013031","958034","0","Yes",215,115,145,70,NA,NA,NA,NA,NA,NA,NA,NA,NA,NA,0,0,0,0,0,0
"300630014004","2514153","192796","Yes",125,80,105,65,NA,NA,NA,NA,NA,NA,NA,NA,NA,NA,0,0,0,0,0,0
"300310005042","34760072","7616","No",160,0,90,0,NA,NA,NA,NA,NA,NA,NA,NA,NA,NA,0,0,0,0,0,0
"301110007012","1505867","187909","No",445,195,325,120,"301110007062",115,170,115,150,"301110007064",345,640,245,500,655,1255,52.191235059761,480,975,49.2307692307692
"300230003001","140864172","0","Yes",265,215,200,170,NA,NA,NA,NA,NA,NA,NA,NA,NA,NA,0,0,0,0,0,0
"300630013032","737127","0","Yes",665,275,450,180,NA,NA,NA,NA,NA,NA,NA,NA,NA,NA,0,0,0,0,0,0
"300130017003","1531055","63071","No",210,95,95,40,"300130017002",35,150,30,80,"300130016004",120,215,110,170,250,575,43.4782608695652,180,345,52.1739130434783
"300810001002","87539901","565802","No",250,75,145,25,NA,NA,NA,NA,NA,NA,NA,NA,NA,NA,0,0,0,0,0,0
"300130107002","188881399","0","No",365,95,275,60,NA,NA,NA,NA,NA,NA,NA,NA,NA,NA,0,0,0,0,0,0
"300479406004","133268213","5055243","Yes",335,170,200,105,NA,NA,NA,NA,NA,NA,NA,NA,NA,NA,0,0,0,0,0,0
"301110009013","10404115","831123","Yes",430,135,370,135,NA,NA,NA,NA,NA,NA,NA,NA,NA,NA,0,0,0,0,0,0
"300410403004","5670693","0","Yes",135,135,85,85,NA,NA,NA,NA,NA,NA,NA,NA,NA,NA,0,0,0,0,0,0
"300290001001","5086362","257966","Yes",145,100,90,55,NA,NA,NA,NA,NA,NA,NA,NA,NA,NA,0,0,0,0,0,0
"300410403005","1073747","0","Yes",70,10,50,10,NA,NA,NA,NA,NA,NA,NA,NA,NA,NA,0,0,0,0,0,0
"300490008004","420867","0","No",65,10,40,10,NA,NA,NA,NA,NA,NA,NA,NA,NA,NA,0,0,0,0,0,0
"300290003003","1063723","1695003","No",285,135,275,135,"300290003001",0,40,0,25,"300290003005",105,205,105,175,240,530,45.2830188679245,240,475,50.5263157894737
"300870003002","30851384","740799","No",405,30,275,30,NA,NA,NA,NA,NA,NA,NA,NA,NA,NA,0,0,0,0,0,0
"300859400014","5710808","0","Yes",345,85,260,75,NA,NA,NA,NA,NA,NA,NA,NA,NA,NA,0,0,0,0,0,0
"300930005004","395476","0","Yes",175,100,165,100,NA,NA,NA,NA,NA,NA,NA,NA,NA,NA,0,0,0,0,0,0
"300290011001","819051","4876","Yes",130,115,95,95,NA,NA,NA,NA,NA,NA,NA,NA,NA,NA,0,0,0,0,0,0
"300490010003","434834","0","No",105,0,85,0,"300490010002",140,245,115,200,"300490011003",220,460,220,255,360,810,44.4444444444444,335,540,62.037037037037
"300630002021","9953805","0","No",1175,100,1025,100,NA,NA,NA,NA,NA,NA,NA,NA,NA,NA,0,0,0,0,0,0
"300290008003","38312443","1369950","No",395,65,195,25,NA,NA,NA,NA,NA,NA,NA,NA,NA,NA,0,0,0,0,0,0
"301110007041","1052362","0","No",205,50,100,25,NA,NA,NA,NA,NA,NA,NA,NA,NA,NA,0,0,0,0,0,0
"300630010002","1186927","0","Yes",270,75,195,25,NA,NA,NA,NA,NA,NA,NA,NA,NA,NA,0,0,0,0,0,0
"300310005023","18004471","46012","No",315,20,175,0,NA,NA,NA,NA,NA,NA,NA,NA,NA,NA,0,0,0,0,0,0
"301110008001","12379833","1269205","No",285,85,245,60,"301110008003",290,595,245,465,"301110003001",455,455,365,365,830,1335,62.1722846441948,670,1075,62.3255813953488
"301110018012","7071600","0","No",845,40,655,35,NA,NA,NA,NA,NA,NA,NA,NA,NA,NA,0,0,0,0,0,0
"300310003002","1734390","193289","No",185,80,150,70,NA,NA,NA,NA,NA,NA,NA,NA,NA,NA,0,0,0,0,0,0
"300090001003","172287222","3028038","No",210,4,135,4,NA,NA,NA,NA,NA,NA,NA,NA,NA,NA,0,0,0,0,0,0
"300130018004","4023637","0","Yes",445,290,315,210,NA,NA,NA,NA,NA,NA,NA,NA,NA,NA,0,0,0,0,0,0
"300179616002","436898","0","No",195,80,145,70,NA,NA,NA,NA,NA,NA,NA,NA,NA,NA,0,0,0,0,0,0
"300930003003","433182","0","No",275,85,250,60,"300930003001",50,150,45,115,"300930006001",285,355,275,280,420,780,53.8461538461538,380,645,58.9147286821705
"300930005001","395678","0","No",165,0,130,0,NA,NA,NA,NA,NA,NA,NA,NA,NA,NA,0,0,0,0,0,0
"300530005002","22251116","502380","Yes",105,60,45,35,NA,NA,NA,NA,NA,NA,NA,NA,NA,NA,0,0,0,0,0,0
"300810002022","207468674","33205","Yes",130,85,65,60,NA,NA,NA,NA,NA,NA,NA,NA,NA,NA,0,0,0,0,0,0
"300630004002","3283886","35333","No",185,30,115,25,NA,NA,NA,NA,NA,NA,NA,NA,NA,NA,0,0,0,0,0,0
"301110006001","913880","0","Yes",135,50,80,50,NA,NA,NA,NA,NA,NA,NA,NA,NA,NA,0,0,0,0,0,0
"301110017023","2741659","0","No",100,25,95,25,"301110010003",145,155,115,125,"301110010004",135,240,95,165,305,495,61.6161616161616,235,385,61.038961038961
"301110014021","106124535","0","No",1065,170,695,100,NA,NA,NA,NA,NA,NA,NA,NA,NA,NA,0,0,0,0,0,0
"301110014022","7125587","0","No",240,20,115,10,NA,NA,NA,NA,NA,NA,NA,NA,NA,NA,0,0,0,0,0,0
"300490012023","48731631","4407476","No",640,210,435,190,"300490012012",190,350,140,215,"300490012014",200,360,185,280,600,1350,44.4444444444444,515,930,55.3763440860215
"300310015001","2042365","0","Yes",195,120,110,85,NA,NA,NA,NA,NA,NA,NA,NA,NA,NA,0,0,0,0,0,0
"300830702001","2992871344","21345003","No",615,185,450,155,NA,NA,NA,NA,NA,NA,NA,NA,NA,NA,0,0,0,0,0,0
"300310010022","3821597","21577","Yes",75,50,70,45,NA,NA,NA,NA,NA,NA,NA,NA,NA,NA,0,0,0,0,0,0
"300470002002","219547425","79540283","Yes",100,50,70,35,NA,NA,NA,NA,NA,NA,NA,NA,NA,NA,0,0,0,0,0,0
"300479403014","101805055","1944688","Yes",470,255,335,205,NA,NA,NA,NA,NA,NA,NA,NA,NA,NA,0,0,0,0,0,0
"300290004021","50158746","838944","No",270,95,190,85,"300290006012",165,420,150,285,"300290017006",160,320,100,165,420,1010,41.5841584158416,335,640,52.34375
"300290008002","5340523","138498","No",170,45,40,0,"300290007001",220,465,205,350,"300290009002",280,420,180,215,545,1055,51.6587677725119,385,605,63.6363636363636
"300930004003","668436","0","No",290,25,150,15,NA,NA,NA,NA,NA,NA,NA,NA,NA,NA,0,0,0,0,0,0
"300130004001","792538","120355","Yes",280,185,195,120,NA,NA,NA,NA,NA,NA,NA,NA,NA,NA,0,0,0,0,0,0
"300130021003","2075124","0","Yes",240,150,240,150,NA,NA,NA,NA,NA,NA,NA,NA,NA,NA,0,0,0,0,0,0
"300039406001","303277515","1901121","Yes",660,440,450,315,NA,NA,NA,NA,NA,NA,NA,NA,NA,NA,0,0,0,0,0,0
"300670004006","412072","18515","No",325,20,265,15,NA,NA,NA,NA,NA,NA,NA,NA,NA,NA,0,0,0,0,0,0
"300870003001","1114132","0","No",220,0,145,0,NA,NA,NA,NA,NA,NA,NA,NA,NA,NA,0,0,0,0,0,0
"300359760005","4695044","70170","No",385,50,360,50,NA,NA,NA,NA,NA,NA,NA,NA,NA,NA,0,0,0,0,0,0
"300359402002","16531284","258855","Yes",350,270,240,205,NA,NA,NA,NA,NA,NA,NA,NA,NA,NA,0,0,0,0,0,0
"300250001001","4162003588","5461989","No",245,30,170,30,NA,NA,NA,NA,NA,NA,NA,NA,NA,NA,0,0,0,0,0,0
"300650001002","609290417","57951","Yes",150,75,130,65,NA,NA,NA,NA,NA,NA,NA,NA,NA,NA,0,0,0,0,0,0
"300070001001","9363277","4895342","Yes",365,325,300,295,NA,NA,NA,NA,NA,NA,NA,NA,NA,NA,0,0,0,0,0,0
"300490011002","950292","0","No",175,25,145,10,"300490011001",0,50,0,50,"300490011003",220,460,220,255,245,685,35.7664233576642,230,450,51.1111111111111
"300490008001","22331419","24327","No",200,10,180,10,NA,NA,NA,NA,NA,NA,NA,NA,NA,NA,0,0,0,0,0,0
"300290006011","43335585","934597","No",470,110,235,15,NA,NA,NA,NA,NA,NA,NA,NA,NA,NA,0,0,0,0,0,0
"300290011006","419604","0","Yes",170,155,130,115,NA,NA,NA,NA,NA,NA,NA,NA,NA,NA,0,0,0,0,0,0
"300290003005","55757560","7078548","Yes",205,105,175,105,NA,NA,NA,NA,NA,NA,NA,NA,NA,NA,0,0,0,0,0,0
"300210003004","1334198","0","Yes",85,25,50,0,NA,NA,NA,NA,NA,NA,NA,NA,NA,NA,0,0,0,0,0,0
"300210002001","69440279","233151","Yes",105,35,40,20,NA,NA,NA,NA,NA,NA,NA,NA,NA,NA,0,0,0,0,0,0
"300479407002","43554402","13285","No",340,115,210,70,"300899403001",140,205,105,135,"300479407001",115,255,75,150,370,800,46.25,250,495,50.5050505050505
"301110007013","2238797","76862","No",255,75,210,70,"301110007064",345,640,245,500,"301110007063",140,185,140,185,560,1080,51.8518518518518,455,895,50.8379888268156
"301110013004","1060816","0","No",110,0,20,0,"301110012002",230,440,230,340,"301110018031",30,135,30,85,260,685,37.956204379562,260,445,58.4269662921348
"300930001005","414767","0","Yes",15,0,0,0,NA,NA,NA,NA,NA,NA,NA,NA,NA,NA,0,0,0,0,0,0
"301010001002","1490366631","20868978","No",75,15,30,4,"301010002005",115,165,85,100,"301010001001",50,110,20,70,180,350,51.4285714285714,109,200,54.5
"300630009011","1459279","0","Yes",120,0,45,0,NA,NA,NA,NA,NA,NA,NA,NA,NA,NA,0,0,0,0,0,0
"300630001002","1856837","0","No",230,10,135,10,NA,NA,NA,NA,NA,NA,NA,NA,NA,NA,0,0,0,0,0,0
"301110019013","2115543","0","No",175,35,110,35,NA,NA,NA,NA,NA,NA,NA,NA,NA,NA,0,0,0,0,0,0
"301010002001","3466752","25341","Yes",165,145,140,120,NA,NA,NA,NA,NA,NA,NA,NA,NA,NA,0,0,0,0,0,0
"300959664002","5315414","241705","Yes",190,95,140,65,NA,NA,NA,NA,NA,NA,NA,NA,NA,NA,0,0,0,0,0,0
"300310012002","355521173","1162728","No",145,30,105,15,NA,NA,NA,NA,NA,NA,NA,NA,NA,NA,0,0,0,0,0,0
"300990003001","17120751","16010","No",85,20,70,20,NA,NA,NA,NA,NA,NA,NA,NA,NA,NA,0,0,0,0,0,0
"300410405003","2376039","0","No",300,0,250,0,"300410405001",0,40,0,35,"300410403003",435,525,380,465,435,865,50.2890173410405,380,750,50.6666666666667
"300410404003","1150699","1241","Yes",275,230,235,205,NA,NA,NA,NA,NA,NA,NA,NA,NA,NA,0,0,0,0,0,0
"300810001003","13323211","39713","No",465,225,275,135,NA,NA,NA,NA,NA,NA,NA,NA,NA,NA,0,0,0,0,0,0
"300930002001","212131","0","No",0,0,0,0,"300930001004",285,310,245,245,"300930002002",280,295,175,190,565,605,93.3884297520661,420,435,96.551724137931
"300310008001","467662","0","No",175,65,130,40,"300310010022",50,75,45,70,"300310008002",60,100,30,70,175,350,50,115,270,42.5925925925926
"300490007001","4420926","0","No",200,45,70,0,NA,NA,NA,NA,NA,NA,NA,NA,NA,NA,0,0,0,0,0,0
"300810002014","27353515","443863","Yes",155,50,120,30,NA,NA,NA,NA,NA,NA,NA,NA,NA,NA,0,0,0,0,0,0
"300810002023","57005770","20743","No",95,0,45,0,"300810004021",50,150,40,80,"300810002012",160,220,140,165,210,465,45.1612903225806,180,290,62.0689655172414
"301119400002","414141597","4221042","No",395,80,310,80,NA,NA,NA,NA,NA,NA,NA,NA,NA,NA,0,0,0,0,0,0
"300490004004","54686014","8196881","No",220,65,180,35,NA,NA,NA,NA,NA,NA,NA,NA,NA,NA,0,0,0,0,0,0
"300930001004","570624","0","Yes",310,285,245,245,NA,NA,NA,NA,NA,NA,NA,NA,NA,NA,0,0,0,0,0,0
"300530002002","829789","45187","Yes",45,45,40,40,NA,NA,NA,NA,NA,NA,NA,NA,NA,NA,0,0,0,0,0,0
"300270302002","2641521","0","Yes",510,360,355,215,NA,NA,NA,NA,NA,NA,NA,NA,NA,NA,0,0,0,0,0,0
"300410405002","561459","0","No",245,40,120,4,"300410404003",230,275,205,235,"300410405001",0,40,0,35,270,560,48.2142857142857,209,390,53.5897435897436
"300370001001","3041740596","2621792","Yes",135,65,90,45,NA,NA,NA,NA,NA,NA,NA,NA,NA,NA,0,0,0,0,0,0
"300090002002","19453341","301453","No",205,75,135,50,NA,NA,NA,NA,NA,NA,NA,NA,NA,NA,0,0,0,0,0,0
"300130107003","539100695","406164","No",335,140,220,105,NA,NA,NA,NA,NA,NA,NA,NA,NA,NA,0,0,0,0,0,0
"300130022005","1752768","522402","No",165,15,50,0,"300130007002",170,185,145,155,"300130022004",250,420,135,250,435,770,56.4935064935065,280,455,61.5384615384615
"300439623003","15098499","23982","No",110,45,70,15,NA,NA,NA,NA,NA,NA,NA,NA,NA,NA,0,0,0,0,0,0
"300290013011","16124560","484807","Yes",265,215,235,210,NA,NA,NA,NA,NA,NA,NA,NA,NA,NA,0,0,0,0,0,0
"300290004022","5197455","296998","No",185,25,145,0,NA,NA,NA,NA,NA,NA,NA,NA,NA,NA,0,0,0,0,0,0
"300290002031","9110593","498833","No",470,155,265,125,"300290002033",150,200,75,95,"300290002021",45,155,45,60,350,825,42.4242424242424,245,420,58.3333333333333
"300039405002","2449357649","10039690","Yes",245,170,160,110,NA,NA,NA,NA,NA,NA,NA,NA,NA,NA,0,0,0,0,0,0
"300930002005","2855975","0","No",135,60,70,0,"300930008002",220,325,185,265,"300930008003",15,105,15,80,295,565,52.212389380531,200,415,48.1927710843374
"300310001012","35186030","124403","No",510,100,335,75,NA,NA,NA,NA,NA,NA,NA,NA,NA,NA,0,0,0,0,0,0
"300130022004","12322298","429513","Yes",420,250,250,135,NA,NA,NA,NA,NA,NA,NA,NA,NA,NA,0,0,0,0,0,0
"300810006002","1579565","0","Yes",30,0,10,0,NA,NA,NA,NA,NA,NA,NA,NA,NA,NA,0,0,0,0,0,0
"300190203001","3512938551","873947","No",80,10,45,10,"300910902003",35,175,30,100,"301059406002",185,250,120,155,230,505,45.5445544554455,160,300,53.3333333333333
"300310001032","1374333","0","Yes",675,420,495,340,NA,NA,NA,NA,NA,NA,NA,NA,NA,NA,0,0,0,0,0,0
"301110015012","52794276","345334","Yes",165,20,150,4,NA,NA,NA,NA,NA,NA,NA,NA,NA,NA,0,0,0,0,0,0
"300559540001","6817762147","103024638","No",220,50,155,40,"301051001002",30,100,4,30,"300859400012",240,365,200,290,320,685,46.7153284671533,244,475,51.3684210526316
"300739770002","1373099825","1266714","Yes",60,35,50,35,NA,NA,NA,NA,NA,NA,NA,NA,NA,NA,0,0,0,0,0,0
"301110007042","1278161","0","No",520,70,400,70,NA,NA,NA,NA,NA,NA,NA,NA,NA,NA,0,0,0,0,0,0
"300859400023","11009933","705018","Yes",790,630,610,500,NA,NA,NA,NA,NA,NA,NA,NA,NA,NA,0,0,0,0,0,0
"300490010001","277282","0","No",105,40,75,10,"300490010002",140,245,115,200,"300490009003",215,370,160,255,395,720,54.8611111111111,285,530,53.7735849056604
"301110010004","347519","0","Yes",240,135,165,95,NA,NA,NA,NA,NA,NA,NA,NA,NA,NA,0,0,0,0,0,0
"301110015023","95161757","3424646","Yes",465,325,370,265,NA,NA,NA,NA,NA,NA,NA,NA,NA,NA,0,0,0,0,0,0
"300179618001","401859","0","No",220,25,180,25,NA,NA,NA,NA,NA,NA,NA,NA,NA,NA,0,0,0,0,0,0
"300310006001","4008504","4118","No",255,95,180,35,NA,NA,NA,NA,NA,NA,NA,NA,NA,NA,0,0,0,0,0,0
"300530005003","606600429","8134844","Yes",70,25,45,20,NA,NA,NA,NA,NA,NA,NA,NA,NA,NA,0,0,0,0,0,0
"300490002003","12476198","0","No",1080,170,730,115,NA,NA,NA,NA,NA,NA,NA,NA,NA,NA,0,0,0,0,0,0
"300490007002","475466","0","No",85,0,45,0,NA,NA,NA,NA,NA,NA,NA,NA,NA,NA,0,0,0,0,0,0
"300179613002","3456436483","18045800","No",245,40,145,20,"300330001001",110,235,100,165,"300870002001",115,170,105,140,265,650,40.7692307692308,225,450,50
"301110007011","2657172","0","No",575,95,300,40,NA,NA,NA,NA,NA,NA,NA,NA,NA,NA,0,0,0,0,0,0
"300670003003","960361","33609","Yes",140,85,60,15,NA,NA,NA,NA,NA,NA,NA,NA,NA,NA,0,0,0,0,0,0
"300130016004","3125620","242391","Yes",215,120,170,110,NA,NA,NA,NA,NA,NA,NA,NA,NA,NA,0,0,0,0,0,0
"300930008001","522001527","385446","No",195,60,105,25,"300930008002",220,325,185,265,"300930008003",15,105,15,80,295,625,47.2,225,450,50
"300290008004","4394761","156501","No",250,35,195,35,"300290007001",220,465,205,350,"300290007002",300,435,165,255,555,1150,48.2608695652174,405,800,50.625
"300310016001","1048400496","2821939","Yes",170,120,80,45,NA,NA,NA,NA,NA,NA,NA,NA,NA,NA,0,0,0,0,0,0
"300450001001","3223889753","1399181","No",155,50,95,35,"300130106001",10,80,10,45,"301070001001",175,290,145,200,235,525,44.7619047619048,190,340,55.8823529411765
"301110017033","649373","0","Yes",490,315,385,225,NA,NA,NA,NA,NA,NA,NA,NA,NA,NA,0,0,0,0,0,0
"301110018043","514220","0","No",80,0,10,0,"301110017043",120,295,110,205,"301110017021",145,250,135,215,265,625,42.4,245,430,56.9767441860465
"300310007013","587714","0","No",70,15,60,15,NA,NA,NA,NA,NA,NA,NA,NA,NA,NA,0,0,0,0,0,0
"300530003001","1665081653","58266069","No",285,80,235,80,NA,NA,NA,NA,NA,NA,NA,NA,NA,NA,0,0,0,0,0,0
"300630008002","800508","0","Yes",250,50,150,40,NA,NA,NA,NA,NA,NA,NA,NA,NA,NA,0,0,0,0,0,0
"300890001001","1750731706","5570075","Yes",250,125,140,80,NA,NA,NA,NA,NA,NA,NA,NA,NA,NA,0,0,0,0,0,0
"301110018023","1640064","0","No",395,0,270,0,NA,NA,NA,NA,NA,NA,NA,NA,NA,NA,0,0,0,0,0,0
"300630013022","2163427","0","No",135,0,100,0,NA,NA,NA,NA,NA,NA,NA,NA,NA,NA,0,0,0,0,0,0
"300490007004","747098","0","No",260,100,170,50,NA,NA,NA,NA,NA,NA,NA,NA,NA,NA,0,0,0,0,0,0
"300830703003","4809712","0","Yes",315,155,175,100,NA,NA,NA,NA,NA,NA,NA,NA,NA,NA,0,0,0,0,0,0
"300030001003","589225","0","Yes",695,440,475,270,NA,NA,NA,NA,NA,NA,NA,NA,NA,NA,0,0,0,0,0,0
"300530005001","2071550848","5418176","Yes",240,130,170,60,NA,NA,NA,NA,NA,NA,NA,NA,NA,NA,0,0,0,0,0,0
"300290017001","1691268465","24064760","No",405,150,245,90,NA,NA,NA,NA,NA,NA,NA,NA,NA,NA,0,0,0,0,0,0
"301110017024","701757","0","No",320,55,255,25,NA,NA,NA,NA,NA,NA,NA,NA,NA,NA,0,0,0,0,0,0
"300810002012","2092367","0","Yes",220,160,165,140,NA,NA,NA,NA,NA,NA,NA,NA,NA,NA,0,0,0,0,0,0
"300210003002","824712","190637","Yes",270,235,160,140,NA,NA,NA,NA,NA,NA,NA,NA,NA,NA,0,0,0,0,0,0
"300179620002","455090","0","Yes",160,45,75,45,NA,NA,NA,NA,NA,NA,NA,NA,NA,NA,0,0,0,0,0,0
"300150103002","3833037117","32602624","Yes",350,170,235,105,NA,NA,NA,NA,NA,NA,NA,NA,NA,NA,0,0,0,0,0,0
"300630010004","570965","0","Yes",265,265,95,95,NA,NA,NA,NA,NA,NA,NA,NA,NA,NA,0,0,0,0,0,0
"300270301003","2026439596","893808","No",410,105,290,70,"301070001001",175,290,145,200,"300270302002",360,510,215,355,640,1210,52.8925619834711,430,845,50.887573964497
"300290007005","1190318","0","Yes",130,15,100,0,NA,NA,NA,NA,NA,NA,NA,NA,NA,NA,0,0,0,0,0,0
"300859400015","346411","0","Yes",305,270,170,140,NA,NA,NA,NA,NA,NA,NA,NA,NA,NA,0,0,0,0,0,0
"300039407001","2921864288","2762129","Yes",255,135,200,105,NA,NA,NA,NA,NA,NA,NA,NA,NA,NA,0,0,0,0,0,0
"301110005001","1020203","0","Yes",130,60,55,45,NA,NA,NA,NA,NA,NA,NA,NA,NA,NA,0,0,0,0,0,0
"300770001001","3901962561","12608340","Yes",200,120,120,90,NA,NA,NA,NA,NA,NA,NA,NA,NA,NA,0,0,0,0,0,0
"300290004013","819780","0","No",90,0,75,0,NA,NA,NA,NA,NA,NA,NA,NA,NA,NA,0,0,0,0,0,0
"300490003002","716036622","23838490","No",465,150,315,90,"300590001002",100,185,55,110,"300070002002",155,180,155,155,405,830,48.7951807228916,300,580,51.7241379310345
"300479403033","283766623","3462866","Yes",470,305,365,275,NA,NA,NA,NA,NA,NA,NA,NA,NA,NA,0,0,0,0,0,0
"301110015021","2849325049","18062271","Yes",210,120,160,100,NA,NA,NA,NA,NA,NA,NA,NA,NA,NA,0,0,0,0,0,0
"301110019014","740735","0","No",215,35,190,35,NA,NA,NA,NA,NA,NA,NA,NA,NA,NA,0,0,0,0,0,0
