"GEOID","ALAND","AWATER","ELIGFY19","Tot18","ID18","Tot12","ID12","firstGEOID18","B1_ID18","B1_Tot18","B1_ID12","B1_Tot12","secondGEOID18","B2_ID18","B2_Tot18","B2_ID12","B2_Tot12","weightnum18","weightpov18","weightPerc18","weightnum12","weightpov12","weightPerc12","combinations","weightPerc18_Yes","weightPerc18_No","weightPerc12_Yes","weightPerc12_No"
"110010001001","803450","0","No",305,0,275,0,NA,NA,NA,NA,NA,NA,NA,NA,NA,NA,0,0,0,0,0,0,21,0,21,0,21
"110010001002","199344","0","No",110,0,70,0,NA,NA,NA,NA,NA,NA,NA,NA,NA,NA,0,0,0,0,0,0,10,0,10,0,10
"110010001003","194350","0","No",155,0,135,0,NA,NA,NA,NA,NA,NA,NA,NA,NA,NA,0,0,0,0,0,0,10,0,10,0,10
"110010001004","710466","512798","No",255,0,225,0,NA,NA,NA,NA,NA,NA,NA,NA,NA,NA,0,0,0,0,0,0,28,0,28,0,28
"110010002011","503312","0","Yes",25,25,0,0,NA,NA,NA,NA,NA,NA,NA,NA,NA,NA,0,0,0,0,0,0,NA,NA,NA,NA,NA
"110010002021","192049","0","No",160,0,130,0,NA,NA,NA,NA,NA,NA,NA,NA,NA,NA,0,0,0,0,0,0,15,0,15,0,15
"110010002022","135553","0","No",35,10,20,0,"110010002024",0,10,0,10,"110010002011",25,25,0,0,35,70,50,0,30,0,15,1,14,0,15
"110010002023","154527","0","No",170,10,140,4,NA,NA,NA,NA,NA,NA,NA,NA,NA,NA,0,0,0,0,0,0,6,0,6,0,6
"110010002024","294501","428562","No",10,0,10,0,"110010002011",25,25,0,0,"110010002022",10,35,0,20,35,70,50,0,30,0,15,1,14,0,15
"110010003001","250102","0","No",240,0,200,0,NA,NA,NA,NA,NA,NA,NA,NA,NA,NA,0,0,0,0,0,0,15,0,15,0,15
"110010003002","119010","0","No",155,0,155,0,NA,NA,NA,NA,NA,NA,NA,NA,NA,NA,0,0,0,0,0,0,3,0,3,0,3
"110010003003","477936","2334","No",85,0,85,0,NA,NA,NA,NA,NA,NA,NA,NA,NA,NA,0,0,0,0,0,0,28,0,28,0,28
"110010003004","163765","0","No",305,20,290,20,NA,NA,NA,NA,NA,NA,NA,NA,NA,NA,0,0,0,0,0,0,21,0,21,0,21
"110010004001","536808","0","No",135,0,105,0,NA,NA,NA,NA,NA,NA,NA,NA,NA,NA,0,0,0,0,0,0,36,0,36,0,36
"110010004002","1005952","69","No",175,25,110,10,NA,NA,NA,NA,NA,NA,NA,NA,NA,NA,0,0,0,0,0,0,15,0,15,0,15
"110010005011","624506","24502","No",150,30,150,30,NA,NA,NA,NA,NA,NA,NA,NA,NA,NA,0,0,0,0,0,0,36,0,36,0,36
"110010005012","316080","6319","No",220,35,120,35,NA,NA,NA,NA,NA,NA,NA,NA,NA,NA,0,0,0,0,0,0,21,0,21,0,21
"110010005021","405441","0","No",320,0,145,0,NA,NA,NA,NA,NA,NA,NA,NA,NA,NA,0,0,0,0,0,0,21,0,21,0,21
"110010005022","176065","0","No",90,0,70,0,NA,NA,NA,NA,NA,NA,NA,NA,NA,NA,0,0,0,0,0,0,6,0,6,0,6
"110010006001","214896","0","No",155,0,155,0,NA,NA,NA,NA,NA,NA,NA,NA,NA,NA,0,0,0,0,0,0,10,0,10,0,10
"110010006002","458494","26","No",185,0,185,0,NA,NA,NA,NA,NA,NA,NA,NA,NA,NA,0,0,0,0,0,0,21,0,21,0,21
"110010006003","174391","45","No",140,40,120,20,NA,NA,NA,NA,NA,NA,NA,NA,NA,NA,0,0,0,0,0,0,15,0,15,0,15
"110010006004","595041","0","No",290,0,290,0,NA,NA,NA,NA,NA,NA,NA,NA,NA,NA,0,0,0,0,0,0,15,0,15,0,15
"110010007011","174647","0","Yes",70,40,70,40,NA,NA,NA,NA,NA,NA,NA,NA,NA,NA,0,0,0,0,0,0,NA,NA,NA,NA,NA
"110010007012","80163","0","No",225,15,225,15,NA,NA,NA,NA,NA,NA,NA,NA,NA,NA,0,0,0,0,0,0,10,0,10,0,10
"110010007013","130609","0","Yes",65,25,50,25,NA,NA,NA,NA,NA,NA,NA,NA,NA,NA,0,0,0,0,0,0,NA,NA,NA,NA,NA
"110010007014","163526","0","No",110,0,110,0,NA,NA,NA,NA,NA,NA,NA,NA,NA,NA,0,0,0,0,0,0,15,0,15,0,15
"110010007021","143691","0","No",195,20,170,20,NA,NA,NA,NA,NA,NA,NA,NA,NA,NA,0,0,0,0,0,0,15,0,15,0,15
"110010007022","73020","158","No",35,0,35,0,NA,NA,NA,NA,NA,NA,NA,NA,NA,NA,0,0,0,0,0,0,10,0,10,0,10
"110010007023","76965","0","No",30,4,30,0,NA,NA,NA,NA,NA,NA,NA,NA,NA,NA,0,0,0,0,0,0,10,0,10,0,10
"110010008011","201588","0","No",175,0,140,0,NA,NA,NA,NA,NA,NA,NA,NA,NA,NA,0,0,0,0,0,0,15,0,15,0,15
"110010008012","879235","0","No",275,0,115,0,NA,NA,NA,NA,NA,NA,NA,NA,NA,NA,0,0,0,0,0,0,15,0,15,0,15
"110010008013","1242591","0","No",595,30,410,15,NA,NA,NA,NA,NA,NA,NA,NA,NA,NA,0,0,0,0,0,0,45,0,45,0,45
"110010008014","589916","168211","No",90,0,90,0,NA,NA,NA,NA,NA,NA,NA,NA,NA,NA,0,0,0,0,0,0,15,0,15,0,15
"110010008021","954009","669752","No",325,50,210,40,NA,NA,NA,NA,NA,NA,NA,NA,NA,NA,0,0,0,0,0,0,6,0,6,0,6
"110010008022","759191","0","No",255,0,165,0,NA,NA,NA,NA,NA,NA,NA,NA,NA,NA,0,0,0,0,0,0,21,0,21,0,21
"110010009011","646106","0","No",520,45,405,20,NA,NA,NA,NA,NA,NA,NA,NA,NA,NA,0,0,0,0,0,0,6,0,6,0,6
"110010009012","1368656","75151","No",390,0,180,0,NA,NA,NA,NA,NA,NA,NA,NA,NA,NA,0,0,0,0,0,0,10,0,10,0,10
"110010009013","938049","0","No",275,15,195,0,NA,NA,NA,NA,NA,NA,NA,NA,NA,NA,0,0,0,0,0,0,28,0,28,0,28
"110010009021","444122","0","No",300,75,175,20,NA,NA,NA,NA,NA,NA,NA,NA,NA,NA,0,0,0,0,0,0,10,0,10,0,10
"110010009022","1422984","307257","No",395,0,240,0,NA,NA,NA,NA,NA,NA,NA,NA,NA,NA,0,0,0,0,0,0,10,0,10,0,10
"110010010011","277608","0","No",290,0,195,0,NA,NA,NA,NA,NA,NA,NA,NA,NA,NA,0,0,0,0,0,0,6,0,6,0,6
"110010010012","495629","0","No",485,0,345,0,NA,NA,NA,NA,NA,NA,NA,NA,NA,NA,0,0,0,0,0,0,21,0,21,0,21
"110010010013","335228","0","No",360,0,280,0,NA,NA,NA,NA,NA,NA,NA,NA,NA,NA,0,0,0,0,0,0,10,0,10,0,10
"110010010014","698686","0","No",425,0,410,0,NA,NA,NA,NA,NA,NA,NA,NA,NA,NA,0,0,0,0,0,0,28,0,28,0,28
"110010010015","295134","0","No",270,0,225,0,NA,NA,NA,NA,NA,NA,NA,NA,NA,NA,0,0,0,0,0,0,3,0,3,0,3
"110010010016","352098","0","No",170,0,115,0,NA,NA,NA,NA,NA,NA,NA,NA,NA,NA,0,0,0,0,0,0,10,0,10,0,10
"110010010021","325182","137","No",145,15,75,0,NA,NA,NA,NA,NA,NA,NA,NA,NA,NA,0,0,0,0,0,0,15,0,15,0,15
"110010010022","222081","0","No",115,0,95,0,NA,NA,NA,NA,NA,NA,NA,NA,NA,NA,0,0,0,0,0,0,6,0,6,0,6
"110010010023","342321","0","No",205,0,185,0,NA,NA,NA,NA,NA,NA,NA,NA,NA,NA,0,0,0,0,0,0,21,0,21,0,21
"110010011001","423673","0","No",380,0,290,0,NA,NA,NA,NA,NA,NA,NA,NA,NA,NA,0,0,0,0,0,0,10,0,10,0,10
"110010011002","470392","0","No",225,0,165,0,NA,NA,NA,NA,NA,NA,NA,NA,NA,NA,0,0,0,0,0,0,10,0,10,0,10
"110010011003","159813","0","No",235,0,190,0,NA,NA,NA,NA,NA,NA,NA,NA,NA,NA,0,0,0,0,0,0,6,0,6,0,6
"110010011004","622704","0","No",190,15,150,15,NA,NA,NA,NA,NA,NA,NA,NA,NA,NA,0,0,0,0,0,0,55,0,55,0,55
"110010012001","192701","0","No",325,0,280,0,NA,NA,NA,NA,NA,NA,NA,NA,NA,NA,0,0,0,0,0,0,10,0,10,0,10
"110010012002","179162","0","No",105,0,75,0,NA,NA,NA,NA,NA,NA,NA,NA,NA,NA,0,0,0,0,0,0,15,0,15,0,15
"110010012003","197304","0","No",150,0,135,0,NA,NA,NA,NA,NA,NA,NA,NA,NA,NA,0,0,0,0,0,0,10,0,10,0,10
"110010012004","649078","0","No",270,30,205,0,NA,NA,NA,NA,NA,NA,NA,NA,NA,NA,0,0,0,0,0,0,28,0,28,0,28
"110010013011","2093649","27548","No",305,0,270,0,NA,NA,NA,NA,NA,NA,NA,NA,NA,NA,0,0,0,0,0,0,78,0,78,0,78
"110010013012","544490","0","No",80,0,60,0,NA,NA,NA,NA,NA,NA,NA,NA,NA,NA,0,0,0,0,0,0,6,0,6,0,6
"110010013013","216738","0","No",135,30,60,0,NA,NA,NA,NA,NA,NA,NA,NA,NA,NA,0,0,0,0,0,0,15,0,15,0,15
"110010013021","409205","92","No",100,25,100,25,NA,NA,NA,NA,NA,NA,NA,NA,NA,NA,0,0,0,0,0,0,10,0,10,0,10
"110010013022","680564","9432","No",350,0,330,0,NA,NA,NA,NA,NA,NA,NA,NA,NA,NA,0,0,0,0,0,0,21,0,21,0,21
"110010013023","503018","6037","No",25,0,10,0,NA,NA,NA,NA,NA,NA,NA,NA,NA,NA,0,0,0,0,0,0,21,0,21,0,21
"110010014011","357424","0","No",445,15,330,0,NA,NA,NA,NA,NA,NA,NA,NA,NA,NA,0,0,0,0,0,0,15,0,15,0,15
"110010014012","430739","0","No",370,0,270,0,NA,NA,NA,NA,NA,NA,NA,NA,NA,NA,0,0,0,0,0,0,6,0,6,0,6
"110010014021","337376","0","No",310,10,215,0,NA,NA,NA,NA,NA,NA,NA,NA,NA,NA,0,0,0,0,0,0,10,0,10,0,10
"110010014022","359693","0","No",155,0,145,0,NA,NA,NA,NA,NA,NA,NA,NA,NA,NA,0,0,0,0,0,0,15,0,15,0,15
"110010014023","198140","0","No",235,0,210,0,NA,NA,NA,NA,NA,NA,NA,NA,NA,NA,0,0,0,0,0,0,28,0,28,0,28
"110010015001","3109915","6891","No",575,0,285,0,NA,NA,NA,NA,NA,NA,NA,NA,NA,NA,0,0,0,0,0,0,36,0,36,0,36
"110010015002","316926","0","No",305,30,210,0,NA,NA,NA,NA,NA,NA,NA,NA,NA,NA,0,0,0,0,0,0,15,0,15,0,15
"110010015003","284806","200","No",230,4,150,0,NA,NA,NA,NA,NA,NA,NA,NA,NA,NA,0,0,0,0,0,0,6,0,6,0,6
"110010015004","654710","5000","No",395,60,205,30,NA,NA,NA,NA,NA,NA,NA,NA,NA,NA,0,0,0,0,0,0,3,0,3,0,3
"110010015005","320286","0","No",485,0,390,0,NA,NA,NA,NA,NA,NA,NA,NA,NA,NA,0,0,0,0,0,0,10,0,10,0,10
"110010016001","481594","0","No",350,10,285,0,NA,NA,NA,NA,NA,NA,NA,NA,NA,NA,0,0,0,0,0,0,6,0,6,0,6
"110010016002","193480","0","No",100,0,65,0,"110010103002",105,165,75,135,"110010103003",140,225,100,145,245,490,50,175,345,50.7246376811594,10,1,9,1,9
"110010016003","354896","0","No",170,0,130,0,NA,NA,NA,NA,NA,NA,NA,NA,NA,NA,0,0,0,0,0,0,6,0,6,0,6
"110010016004","1635695","35624","No",360,0,215,0,NA,NA,NA,NA,NA,NA,NA,NA,NA,NA,0,0,0,0,0,0,10,0,10,0,10
"110010017021","419233","0","No",265,30,240,30,NA,NA,NA,NA,NA,NA,NA,NA,NA,NA,0,0,0,0,0,0,15,0,15,0,15
"110010017022","520061","0","No",175,60,130,45,"110010103002",105,165,75,135,"110010103003",140,225,100,145,305,565,53.9823008849557,220,410,53.6585365853659,10,1,9,1,9
"110010018031","987027","31934","Yes",325,135,290,135,NA,NA,NA,NA,NA,NA,NA,NA,NA,NA,0,0,0,0,0,0,NA,NA,NA,NA,NA
"110010018032","149262","0","Yes",695,360,545,310,NA,NA,NA,NA,NA,NA,NA,NA,NA,NA,0,0,0,0,0,0,NA,NA,NA,NA,NA
"110010018041","194179","0","Yes",75,40,40,30,NA,NA,NA,NA,NA,NA,NA,NA,NA,NA,0,0,0,0,0,0,NA,NA,NA,NA,NA
"110010018042","228580","0","Yes",340,150,235,120,NA,NA,NA,NA,NA,NA,NA,NA,NA,NA,0,0,0,0,0,0,NA,NA,NA,NA,NA
"110010018043","178996","0","Yes",920,550,660,390,NA,NA,NA,NA,NA,NA,NA,NA,NA,NA,0,0,0,0,0,0,NA,NA,NA,NA,NA
"110010019011","235052","0","No",340,150,220,65,"110010021021",0,100,0,40,"110010020022",310,475,225,345,460,915,50.2732240437158,290,605,47.9338842975207,15,4,11,2,13
"110010019012","171266","0","No",155,75,145,65,NA,NA,NA,NA,NA,NA,NA,NA,NA,NA,0,0,0,0,0,0,10,0,10,0,10
"110010019013","173133","0","No",250,70,185,50,NA,NA,NA,NA,NA,NA,NA,NA,NA,NA,0,0,0,0,0,0,6,0,6,0,6
"110010019014","189855","0","No",130,0,105,0,NA,NA,NA,NA,NA,NA,NA,NA,NA,NA,0,0,0,0,0,0,10,0,10,0,10
"110010019021","427039","0","No",290,90,230,65,NA,NA,NA,NA,NA,NA,NA,NA,NA,NA,0,0,0,0,0,0,15,0,15,0,15
"110010019022","450311","0","No",80,10,60,4,NA,NA,NA,NA,NA,NA,NA,NA,NA,NA,0,0,0,0,0,0,21,0,21,0,21
"110010020011","135337","0","No",400,170,275,115,"110010020023",35,160,0,120,"110010018043",550,920,390,660,755,1480,51.0135135135135,505,1055,47.8672985781991,21,6,15,6,15
"110010020012","497386","1107","No",205,0,140,0,"110010018032",360,695,310,545,"110010018043",550,920,390,660,910,1820,50,700,1345,52.0446096654275,36,2,34,3,33
"110010020021","343887","0","No",240,0,125,0,NA,NA,NA,NA,NA,NA,NA,NA,NA,NA,0,0,0,0,0,0,45,0,45,0,45
"110010020022","141568","0","Yes",475,310,345,225,NA,NA,NA,NA,NA,NA,NA,NA,NA,NA,0,0,0,0,0,0,NA,NA,NA,NA,NA
"110010020023","363922","0","No",160,35,120,0,"110010021014",165,260,0,75,"110010020022",310,475,225,345,510,895,56.9832402234637,225,540,41.6666666666667,21,2,19,0,21
"110010021011","182715","0","No",185,40,160,40,"110010021012",110,230,0,125,"110010020022",310,475,225,345,460,890,51.685393258427,265,630,42.0634920634921,21,3,18,1,20
"110010021012","85485","0","No",230,110,125,0,"110010021014",165,260,0,75,"110010021026",20,65,20,35,295,555,53.1531531531532,20,235,8.51063829787234,15,1,14,0,15
"110010021013","131657","0","No",480,0,450,0,NA,NA,NA,NA,NA,NA,NA,NA,NA,NA,0,0,0,0,0,0,28,0,28,0,28
"110010021014","118807","0","Yes",260,165,75,0,NA,NA,NA,NA,NA,NA,NA,NA,NA,NA,0,0,0,0,0,0,NA,NA,NA,NA,NA
"110010021015","82327","0","No",130,0,115,0,"110010021014",165,260,0,75,"110010020022",310,475,225,345,475,865,54.9132947976879,225,535,42.0560747663551,15,2,13,0,15
"110010021021","166976","0","No",100,0,40,0,NA,NA,NA,NA,NA,NA,NA,NA,NA,NA,0,0,0,0,0,0,36,0,36,0,36
"110010021022","134487","0","Yes",85,25,45,25,NA,NA,NA,NA,NA,NA,NA,NA,NA,NA,0,0,0,0,0,0,NA,NA,NA,NA,NA
"110010021023","98074","0","No",190,20,130,0,"110010021022",25,85,25,45,"110010022021",410,580,330,495,455,855,53.2163742690059,355,670,52.9850746268657,6,1,5,2,4
"110010021024","127580","0","No",355,130,255,110,"110010022023",95,145,40,65,"110010022021",410,580,330,495,635,1080,58.7962962962963,480,815,58.8957055214724,15,4,11,5,10
"110010021025","81281","0","Yes",30,20,10,0,NA,NA,NA,NA,NA,NA,NA,NA,NA,NA,0,0,0,0,0,0,NA,NA,NA,NA,NA
"110010021026","117990","0","Yes",65,20,35,20,NA,NA,NA,NA,NA,NA,NA,NA,NA,NA,0,0,0,0,0,0,NA,NA,NA,NA,NA
"110010022011","144521","0","No",195,0,150,0,NA,NA,NA,NA,NA,NA,NA,NA,NA,NA,0,0,0,0,0,0,21,0,21,0,21
"110010022012","174348","0","No",340,130,255,70,NA,NA,NA,NA,NA,NA,NA,NA,NA,NA,0,0,0,0,0,0,21,0,21,0,21
"110010022013","96303","0","No",95,40,45,15,NA,NA,NA,NA,NA,NA,NA,NA,NA,NA,0,0,0,0,0,0,15,0,15,0,15
"110010022021","490454","566","Yes",580,410,495,330,NA,NA,NA,NA,NA,NA,NA,NA,NA,NA,0,0,0,0,0,0,NA,NA,NA,NA,NA
"110010022022","98485","0","Yes",240,90,220,90,NA,NA,NA,NA,NA,NA,NA,NA,NA,NA,0,0,0,0,0,0,NA,NA,NA,NA,NA
"110010022023","105025","0","Yes",145,95,65,40,NA,NA,NA,NA,NA,NA,NA,NA,NA,NA,0,0,0,0,0,0,NA,NA,NA,NA,NA
"110010023011","181578","0","No",315,40,165,15,NA,NA,NA,NA,NA,NA,NA,NA,NA,NA,0,0,0,0,0,0,36,0,36,0,36
"110010023012","231032","0","No",310,60,210,25,NA,NA,NA,NA,NA,NA,NA,NA,NA,NA,0,0,0,0,0,0,6,0,6,0,6
"110010023021","2010230","5298","No",75,0,75,0,"110010024001",10,70,0,40,"110010022021",410,580,330,495,420,725,57.9310344827586,330,610,54.0983606557377,91,10,81,7,84
"110010024001","98496","0","No",70,10,40,0,"110010031001",295,495,240,410,"110010025021",75,150,75,150,380,715,53.1468531468531,315,600,52.5,21,1,20,2,19
"110010024002","215190","0","No",220,15,160,0,NA,NA,NA,NA,NA,NA,NA,NA,NA,NA,0,0,0,0,0,0,21,0,21,0,21
"110010024003","107544","0","No",145,60,55,15,NA,NA,NA,NA,NA,NA,NA,NA,NA,NA,0,0,0,0,0,0,10,0,10,0,10
"110010024004","135004","0","No",205,60,195,60,NA,NA,NA,NA,NA,NA,NA,NA,NA,NA,0,0,0,0,0,0,10,0,10,0,10
"110010025011","315730","0","No",305,110,210,70,NA,NA,NA,NA,NA,NA,NA,NA,NA,NA,0,0,0,0,0,0,28,0,28,0,28
"110010025012","227730","0","No",335,30,260,10,NA,NA,NA,NA,NA,NA,NA,NA,NA,NA,0,0,0,0,0,0,15,0,15,0,15
"110010025021","141308","0","Yes",150,75,150,75,NA,NA,NA,NA,NA,NA,NA,NA,NA,NA,0,0,0,0,0,0,NA,NA,NA,NA,NA
"110010025022","150693","0","No",240,0,240,0,NA,NA,NA,NA,NA,NA,NA,NA,NA,NA,0,0,0,0,0,0,28,0,28,0,28
"110010025023","150768","0","No",435,30,295,30,NA,NA,NA,NA,NA,NA,NA,NA,NA,NA,0,0,0,0,0,0,28,0,28,0,28
"110010025024","160952","0","No",285,125,240,100,"110010028012",290,615,200,515,"110010027014",420,710,370,530,835,1610,51.8633540372671,670,1285,52.1400778210117,28,2,26,2,26
"110010026001","804941","22465","No",215,4,190,4,"110010013023",0,25,0,10,"110010027014",420,710,370,530,424,950,44.6315789473684,374,730,51.2328767123288,36,0,36,1,35
"110010026002","1307405","40192","No",310,10,195,0,NA,NA,NA,NA,NA,NA,NA,NA,NA,NA,0,0,0,0,0,0,21,0,21,0,21
"110010027011","36036","0","No",40,0,35,0,"110010027013",0,220,0,210,"110010028022",380,420,280,290,380,680,55.8823529411765,280,535,52.3364485981308,15,8,7,8,7
"110010027012","127826","0","No",280,110,265,110,"110010027013",0,220,0,210,"110010028022",380,420,280,290,490,920,53.2608695652174,390,765,50.9803921568627,21,8,13,8,13
"110010027013","233287","0","No",220,0,210,0,NA,NA,NA,NA,NA,NA,NA,NA,NA,NA,0,0,0,0,0,0,10,0,10,0,10
"110010027014","55775","0","Yes",710,420,530,370,NA,NA,NA,NA,NA,NA,NA,NA,NA,NA,0,0,0,0,0,0,NA,NA,NA,NA,NA
"110010027021","77478","0","Yes",270,270,170,170,NA,NA,NA,NA,NA,NA,NA,NA,NA,NA,0,0,0,0,0,0,NA,NA,NA,NA,NA
"110010027022","192867","0","No",510,10,465,0,"110010028021",330,495,330,475,"110010028022",380,420,280,290,720,1425,50.5263157894737,610,1230,49.5934959349593,21,2,19,0,21
"110010027023","216095","7801","No",205,80,60,0,NA,NA,NA,NA,NA,NA,NA,NA,NA,NA,0,0,0,0,0,0,21,0,21,0,21
"110010028011","66576","0","No",150,70,90,35,"110010028012",290,615,200,515,"110010027014",420,710,370,530,780,1475,52.8813559322034,605,1135,53.3039647577093,15,8,7,9,6
"110010028012","105335","0","No",615,290,515,200,"110010025024",125,285,100,240,"110010027014",420,710,370,530,835,1610,51.8633540372671,670,1285,52.1400778210117,15,3,12,3,12
"110010028021","89328","0","Yes",495,330,475,330,NA,NA,NA,NA,NA,NA,NA,NA,NA,NA,0,0,0,0,0,0,NA,NA,NA,NA,NA
"110010028022","140367","0","Yes",420,380,290,280,NA,NA,NA,NA,NA,NA,NA,NA,NA,NA,0,0,0,0,0,0,NA,NA,NA,NA,NA
"110010029001","130586","0","No",330,90,255,75,NA,NA,NA,NA,NA,NA,NA,NA,NA,NA,0,0,0,0,0,0,10,0,10,0,10
"110010029002","170061","0","No",315,50,215,15,"110010030001",100,170,30,100,"110010028022",380,420,280,290,530,905,58.5635359116022,325,605,53.7190082644628,28,4,24,3,25
"110010030001","113998","0","Yes",170,100,100,30,NA,NA,NA,NA,NA,NA,NA,NA,NA,NA,0,0,0,0,0,0,NA,NA,NA,NA,NA
"110010030002","96640","0","Yes",400,245,255,125,NA,NA,NA,NA,NA,NA,NA,NA,NA,NA,0,0,0,0,0,0,NA,NA,NA,NA,NA
"110010031001","296909","0","Yes",495,295,410,240,NA,NA,NA,NA,NA,NA,NA,NA,NA,NA,0,0,0,0,0,0,NA,NA,NA,NA,NA
"110010032001","99567","0","No",95,15,40,15,"110010024001",10,70,0,40,"110010031001",295,495,240,410,320,660,48.4848484848485,255,490,52.0408163265306,15,1,14,3,12
"110010032002","96651","0","Yes",215,150,175,125,NA,NA,NA,NA,NA,NA,NA,NA,NA,NA,0,0,0,0,0,0,NA,NA,NA,NA,NA
"110010032003","126484","0","Yes",265,140,185,85,NA,NA,NA,NA,NA,NA,NA,NA,NA,NA,0,0,0,0,0,0,NA,NA,NA,NA,NA
"110010032004","122739","0","No",200,55,125,15,"110010031001",295,495,240,410,"110010032003",140,265,85,185,490,960,51.0416666666667,340,720,47.2222222222222,10,2,8,1,9
"110010033011","255035","0","No",265,0,205,0,NA,NA,NA,NA,NA,NA,NA,NA,NA,NA,0,0,0,0,0,0,15,0,15,0,15
"110010033012","102843","0","No",55,0,30,0,"110010087012",80,115,80,85,"110010033013",0,65,0,35,80,235,34.0425531914894,80,150,53.3333333333333,28,0,28,1,27
"110010033013","84242","0","No",65,0,35,0,NA,NA,NA,NA,NA,NA,NA,NA,NA,NA,0,0,0,0,0,0,6,0,6,0,6
"110010033021","109357","0","No",155,4,130,0,NA,NA,NA,NA,NA,NA,NA,NA,NA,NA,0,0,0,0,0,0,15,0,15,0,15
"110010033022","94879","0","No",135,40,120,40,NA,NA,NA,NA,NA,NA,NA,NA,NA,NA,0,0,0,0,0,0,15,0,15,0,15
"110010034001","105519","0","No",185,65,150,40,NA,NA,NA,NA,NA,NA,NA,NA,NA,NA,0,0,0,0,0,0,3,0,3,0,3
"110010034002","812007","159593","No",205,55,155,35,"110010031001",295,495,240,410,"110010035001",160,290,145,260,510,990,51.5151515151515,420,825,50.9090909090909,91,2,89,2,89
"110010035001","123823","0","Yes",290,160,260,145,NA,NA,NA,NA,NA,NA,NA,NA,NA,NA,0,0,0,0,0,0,NA,NA,NA,NA,NA
"110010035002","258046","0","Yes",75,60,50,35,NA,NA,NA,NA,NA,NA,NA,NA,NA,NA,0,0,0,0,0,0,NA,NA,NA,NA,NA
"110010036001","76055","0","Yes",180,40,180,40,NA,NA,NA,NA,NA,NA,NA,NA,NA,NA,0,0,0,0,0,0,NA,NA,NA,NA,NA
"110010036002","73548","0","Yes",315,290,235,210,NA,NA,NA,NA,NA,NA,NA,NA,NA,NA,0,0,0,0,0,0,NA,NA,NA,NA,NA
"110010036003","156013","0","Yes",50,0,50,0,NA,NA,NA,NA,NA,NA,NA,NA,NA,NA,0,0,0,0,0,0,NA,NA,NA,NA,NA
"110010037001","61333","0","Yes",245,195,215,180,NA,NA,NA,NA,NA,NA,NA,NA,NA,NA,0,0,0,0,0,0,NA,NA,NA,NA,NA
"110010037002","119737","0","Yes",385,350,385,350,NA,NA,NA,NA,NA,NA,NA,NA,NA,NA,0,0,0,0,0,0,NA,NA,NA,NA,NA
"110010037003","111301","0","Yes",355,230,210,85,NA,NA,NA,NA,NA,NA,NA,NA,NA,NA,0,0,0,0,0,0,NA,NA,NA,NA,NA
"110010038001","115904","0","No",325,110,215,0,"110010037002",350,385,350,385,"110010040011",0,95,0,95,460,805,57.1428571428571,350,695,50.3597122302158,28,7,21,5,23
"110010038002","148928","0","No",115,0,115,0,NA,NA,NA,NA,NA,NA,NA,NA,NA,NA,0,0,0,0,0,0,28,0,28,0,28
"110010038003","91282","0","No",10,0,10,0,"110010028021",330,495,330,475,"110010037002",350,385,350,385,680,890,76.4044943820225,680,870,78.1609195402299,15,11,4,8,7
"110010039001","45577","0","No",0,0,0,0,"110010039002",0,60,0,60,"110010028021",330,495,330,475,330,555,59.4594594594595,330,535,61.6822429906542,10,3,7,3,7
"110010039002","209917","10579","No",60,0,60,0,"110010039001",0,0,0,0,"110010040013",160,240,120,200,160,300,53.3333333333333,120,260,46.1538461538462,28,1,27,0,28
"110010039003","75138","0","No",45,0,45,0,NA,NA,NA,NA,NA,NA,NA,NA,NA,NA,0,0,0,0,0,0,21,0,21,0,21
"110010039004","49178","0","No",55,0,55,0,NA,NA,NA,NA,NA,NA,NA,NA,NA,NA,0,0,0,0,0,0,1,0,1,0,1
"110010040011","88547","0","No",95,0,95,0,NA,NA,NA,NA,NA,NA,NA,NA,NA,NA,0,0,0,0,0,0,28,0,28,0,28
"110010040012","43911","0","No",0,0,0,0,"110010041002",0,80,0,80,"110010040013",160,240,120,200,160,320,50,120,280,42.8571428571429,15,2,13,1,14
"110010040013","138752","2414","Yes",240,160,200,120,NA,NA,NA,NA,NA,NA,NA,NA,NA,NA,0,0,0,0,0,0,NA,NA,NA,NA,NA
"110010040021","42394","0","Yes",35,15,30,15,NA,NA,NA,NA,NA,NA,NA,NA,NA,NA,0,0,0,0,0,0,NA,NA,NA,NA,NA
"110010040022","83773","0","No",150,0,110,0,NA,NA,NA,NA,NA,NA,NA,NA,NA,NA,0,0,0,0,0,0,28,0,28,0,28
"110010040023","68588","0","No",35,0,0,0,NA,NA,NA,NA,NA,NA,NA,NA,NA,NA,0,0,0,0,0,0,15,0,15,0,15
"110010041001","103592","0","No",150,0,115,0,NA,NA,NA,NA,NA,NA,NA,NA,NA,NA,0,0,0,0,0,0,15,0,15,0,15
"110010041002","289801","6192","No",80,0,80,0,"110010040012",0,0,0,0,"110010040013",160,240,120,200,160,320,50,120,280,42.8571428571429,15,1,14,0,15
"110010041003","395568","16828","No",100,4,75,0,NA,NA,NA,NA,NA,NA,NA,NA,NA,NA,0,0,0,0,0,0,28,0,28,0,28
"110010042011","90069","0","No",60,0,60,0,"110010053011",0,40,0,40,"110010037003",230,355,85,210,230,455,50.5494505494505,85,310,27.4193548387097,21,4,17,0,21
"110010042012","114460","0","No",75,0,75,0,NA,NA,NA,NA,NA,NA,NA,NA,NA,NA,0,0,0,0,0,0,15,0,15,0,15
"110010042021","111197","0","No",20,0,20,0,NA,NA,NA,NA,NA,NA,NA,NA,NA,NA,0,0,0,0,0,0,15,0,15,0,15
"110010042022","96449","0","No",75,0,60,0,NA,NA,NA,NA,NA,NA,NA,NA,NA,NA,0,0,0,0,0,0,21,0,21,0,21
"110010043001","122783","0","No",255,75,210,65,"110010037003",230,355,85,210,"110010043002",105,135,35,65,410,745,55.0335570469799,185,485,38.1443298969072,21,1,20,0,21
"110010043002","113911","0","Yes",135,105,65,35,NA,NA,NA,NA,NA,NA,NA,NA,NA,NA,0,0,0,0,0,0,NA,NA,NA,NA,NA
"110010044001","246894","0","No",140,0,140,0,"110010035002",60,75,35,50,"110010037003",230,355,85,210,290,570,50.8771929824561,120,400,30,21,2,19,0,21
"110010044002","274845","0","No",270,130,190,70,"110010050011",0,65,0,65,"110010043002",105,135,35,65,235,470,50,105,320,32.8125,45,4,41,0,45
"110010046001","140978","0","Yes",215,110,160,80,NA,NA,NA,NA,NA,NA,NA,NA,NA,NA,0,0,0,0,0,0,NA,NA,NA,NA,NA
"110010046002","296164","0","No",220,50,200,30,"110010047012",340,560,275,490,"110010046001",110,215,80,160,500,995,50.251256281407,385,850,45.2941176470588,15,1,14,0,15
"110010047011","93630","0","Yes",635,590,455,410,NA,NA,NA,NA,NA,NA,NA,NA,NA,NA,0,0,0,0,0,0,NA,NA,NA,NA,NA
"110010047012","231020","0","Yes",560,340,490,275,NA,NA,NA,NA,NA,NA,NA,NA,NA,NA,0,0,0,0,0,0,NA,NA,NA,NA,NA
"110010047021","326358","0","Yes",265,155,165,100,NA,NA,NA,NA,NA,NA,NA,NA,NA,NA,0,0,0,0,0,0,NA,NA,NA,NA,NA
"110010048011","317491","0","No",280,80,210,80,"110010048021",4,125,0,65,"110010048022",225,325,170,205,309,730,42.3287671232877,250,480,52.0833333333333,36,3,33,7,29
"110010048021","138165","0","Yes",125,4,65,0,NA,NA,NA,NA,NA,NA,NA,NA,NA,NA,0,0,0,0,0,0,NA,NA,NA,NA,NA
"110010048022","148639","0","Yes",325,225,205,170,NA,NA,NA,NA,NA,NA,NA,NA,NA,NA,0,0,0,0,0,0,NA,NA,NA,NA,NA
"110010049011","84362","0","Yes",355,210,250,120,NA,NA,NA,NA,NA,NA,NA,NA,NA,NA,0,0,0,0,0,0,NA,NA,NA,NA,NA
"110010049012","187525","0","Yes",120,45,85,25,NA,NA,NA,NA,NA,NA,NA,NA,NA,NA,0,0,0,0,0,0,NA,NA,NA,NA,NA
"110010049021","65747","0","Yes",15,15,15,15,NA,NA,NA,NA,NA,NA,NA,NA,NA,NA,0,0,0,0,0,0,NA,NA,NA,NA,NA
"110010049022","198137","0","Yes",380,260,315,220,NA,NA,NA,NA,NA,NA,NA,NA,NA,NA,0,0,0,0,0,0,NA,NA,NA,NA,NA
"110010050011","104205","0","No",65,0,65,0,"110010050023",195,230,195,230,"110010049012",45,120,25,85,240,415,57.8313253012048,220,380,57.8947368421053,10,3,7,3,7
"110010050012","100233","0","No",100,0,100,0,"110010050023",195,230,195,230,"110010052013",0,0,0,0,195,330,59.0909090909091,195,330,59.0909090909091,21,3,18,3,18
"110010050021","39704","0","Yes",15,0,15,0,NA,NA,NA,NA,NA,NA,NA,NA,NA,NA,0,0,0,0,0,0,NA,NA,NA,NA,NA
"110010050022","91616","0","Yes",95,0,95,0,NA,NA,NA,NA,NA,NA,NA,NA,NA,NA,0,0,0,0,0,0,NA,NA,NA,NA,NA
"110010050023","71346","0","Yes",230,195,230,195,NA,NA,NA,NA,NA,NA,NA,NA,NA,NA,0,0,0,0,0,0,NA,NA,NA,NA,NA
"110010050024","31157","0","Yes",145,0,25,0,NA,NA,NA,NA,NA,NA,NA,NA,NA,NA,0,0,0,0,0,0,NA,NA,NA,NA,NA
"110010052011","55038","0","No",35,0,25,0,NA,NA,NA,NA,NA,NA,NA,NA,NA,NA,0,0,0,0,0,0,10,0,10,0,10
"110010052012","135099","0","No",0,0,0,0,"110010101002",30,45,15,20,"110010053013",20,20,20,20,50,65,76.9230769230769,35,40,87.5,45,10,35,6,39
"110010052013","38381","0","No",0,0,0,0,NA,NA,NA,NA,NA,NA,NA,NA,NA,NA,0,0,0,0,0,0,10,0,10,0,10
"110010052014","111194","0","No",120,0,120,0,NA,NA,NA,NA,NA,NA,NA,NA,NA,NA,0,0,0,0,0,0,15,0,15,0,15
"110010053011","49305","0","No",40,0,40,0,"110010052012",0,0,0,0,"110010043002",105,135,35,65,105,175,60,35,105,33.3333333333333,15,3,12,0,15
"110010053012","87454","0","No",215,0,215,0,NA,NA,NA,NA,NA,NA,NA,NA,NA,NA,0,0,0,0,0,0,10,0,10,0,10
"110010053013","81310","0","Yes",20,20,20,20,NA,NA,NA,NA,NA,NA,NA,NA,NA,NA,0,0,0,0,0,0,NA,NA,NA,NA,NA
"110010053014","68330","0","No",35,0,35,0,NA,NA,NA,NA,NA,NA,NA,NA,NA,NA,0,0,0,0,0,0,6,0,6,0,6
"110010055001","155807","0","No",90,0,60,0,"110010055004",80,80,80,80,"110010055005",0,0,0,0,80,170,47.0588235294118,80,140,57.1428571428571,55,1,54,5,50
"110010055002","213337","9350","No",140,0,140,0,NA,NA,NA,NA,NA,NA,NA,NA,NA,NA,0,0,0,0,0,0,21,0,21,0,21
"110010055003","164750","0","No",20,0,20,0,"110010055004",80,80,80,80,"110010055005",0,0,0,0,80,100,80,80,100,80,28,6,22,6,22
"110010055004","49850","0","Yes",80,80,80,80,NA,NA,NA,NA,NA,NA,NA,NA,NA,NA,0,0,0,0,0,0,NA,NA,NA,NA,NA
"110010055005","45642","0","No",0,0,0,0,"110010055004",80,80,80,80,"110010055003",0,20,0,20,80,100,80,80,100,80,6,2,4,3,3
"110010056001","97405","637","No",20,0,20,0,NA,NA,NA,NA,NA,NA,NA,NA,NA,NA,0,0,0,0,0,0,10,0,10,0,10
"110010056002","211543","6549","No",40,0,40,0,NA,NA,NA,NA,NA,NA,NA,NA,NA,NA,0,0,0,0,0,0,21,0,21,0,21
"110010056003","61948","0","No",95,0,65,0,NA,NA,NA,NA,NA,NA,NA,NA,NA,NA,0,0,0,0,0,0,3,0,3,0,3
"110010056004","86364","0","No",20,0,0,0,NA,NA,NA,NA,NA,NA,NA,NA,NA,NA,0,0,0,0,0,0,10,0,10,NA,NA
"110010058001","681585","0","No",35,0,30,0,"110010058002",25,105,20,100,"110010047012",340,560,275,490,365,700,52.1428571428571,295,620,47.5806451612903,21,16,5,14,7
"110010058002","232950","0","No",105,25,100,20,NA,NA,NA,NA,NA,NA,NA,NA,NA,NA,0,0,0,0,0,0,6,0,6,0,6
"110010059001","642060","0","No",45,0,45,0,"110010047021",155,265,100,165,"110010062021",0,0,0,0,155,310,50,100,210,47.6190476190476,6,1,5,0,6
"110010062021","6539774","4970897","No",0,0,0,0,"110010101002",30,45,15,20,"110010047021",155,265,100,165,185,310,59.6774193548387,115,185,62.1621621621622,276,NA,NA,NA,NA
"110010064001","168216","0","Yes",125,115,65,50,NA,NA,NA,NA,NA,NA,NA,NA,NA,NA,0,0,0,0,0,0,NA,NA,NA,NA,NA
"110010064002","519810","246481","Yes",445,355,315,255,NA,NA,NA,NA,NA,NA,NA,NA,NA,NA,0,0,0,0,0,0,NA,NA,NA,NA,NA
"110010065001","153483","0","No",25,0,25,0,NA,NA,NA,NA,NA,NA,NA,NA,NA,NA,0,0,0,0,0,0,6,0,6,0,6
"110010065002","351424","0","No",250,10,240,10,NA,NA,NA,NA,NA,NA,NA,NA,NA,NA,0,0,0,0,0,0,15,0,15,0,15
"110010066001","287216","0","No",325,0,225,0,NA,NA,NA,NA,NA,NA,NA,NA,NA,NA,0,0,0,0,0,0,21,0,21,0,21
"110010067001","145714","0","No",130,0,105,0,NA,NA,NA,NA,NA,NA,NA,NA,NA,NA,0,0,0,0,0,0,15,0,15,0,15
"110010067002","114828","0","No",240,0,175,0,NA,NA,NA,NA,NA,NA,NA,NA,NA,NA,0,0,0,0,0,0,6,0,6,0,6
"110010067003","167777","0","No",130,0,115,0,NA,NA,NA,NA,NA,NA,NA,NA,NA,NA,0,0,0,0,0,0,21,0,21,0,21
"110010068011","153971","0","No",105,40,85,40,NA,NA,NA,NA,NA,NA,NA,NA,NA,NA,0,0,0,0,0,0,6,0,6,0,6
"110010068012","90821","0","No",75,0,75,0,NA,NA,NA,NA,NA,NA,NA,NA,NA,NA,0,0,0,0,0,0,10,0,10,0,10
"110010068021","106040","0","No",170,20,155,20,NA,NA,NA,NA,NA,NA,NA,NA,NA,NA,0,0,0,0,0,0,21,0,21,0,21
"110010068022","174068","0","No",320,25,265,4,"110010068041",0,35,0,25,"110010071002",520,665,325,465,545,1020,53.4313725490196,329,755,43.5761589403974,15,2,13,1,14
"110010068041","1542276","477746","No",35,0,25,0,"110010068021",20,170,20,155,"110010071002",520,665,325,465,540,870,62.0689655172414,345,645,53.4883720930233,78,33,45,31,47
"110010069001","242886","0","No",140,0,120,0,"110010068021",20,170,20,155,"110010071002",520,665,325,465,540,975,55.3846153846154,345,740,46.6216216216216,36,6,30,0,36
"110010069002","155627","0","No",170,0,170,0,"110010068021",20,170,20,155,"110010071002",520,665,325,465,540,1005,53.7313432835821,345,790,43.6708860759494,6,2,4,0,6
"110010070001","178240","0","No",230,0,165,0,NA,NA,NA,NA,NA,NA,NA,NA,NA,NA,0,0,0,0,0,0,6,0,6,0,6
"110010070002","245112","0","No",85,0,70,0,"110010065001",0,25,0,25,"110010071002",520,665,325,465,520,775,67.0967741935484,325,560,58.0357142857143,36,9,27,6,30
"110010071001","365681","149901","Yes",205,175,165,135,NA,NA,NA,NA,NA,NA,NA,NA,NA,NA,0,0,0,0,0,0,NA,NA,NA,NA,NA
"110010071002","236543","0","Yes",665,520,465,325,NA,NA,NA,NA,NA,NA,NA,NA,NA,NA,0,0,0,0,0,0,NA,NA,NA,NA,NA
"110010072001","304549","0","No",285,130,215,70,NA,NA,NA,NA,NA,NA,NA,NA,NA,NA,0,0,0,0,0,0,10,0,10,0,10
"110010072002","1063517","312407","No",30,0,30,0,"110010074011",465,485,260,260,"110010064001",115,125,50,65,580,640,90.625,310,355,87.3239436619718,45,25,20,24,21
"110010073011","4584798","5139019","No",1725,385,1575,370,NA,NA,NA,NA,NA,NA,NA,NA,NA,NA,0,0,0,0,0,0,45,0,45,0,45
"110010073041","986650","11701","Yes",530,395,395,275,NA,NA,NA,NA,NA,NA,NA,NA,NA,NA,0,0,0,0,0,0,NA,NA,NA,NA,NA
"110010073042","105650","0","Yes",170,95,150,95,NA,NA,NA,NA,NA,NA,NA,NA,NA,NA,0,0,0,0,0,0,NA,NA,NA,NA,NA
"110010073043","148097","0","Yes",60,20,60,20,NA,NA,NA,NA,NA,NA,NA,NA,NA,NA,0,0,0,0,0,0,NA,NA,NA,NA,NA
"110010074011","1038224","200992","Yes",485,465,260,260,NA,NA,NA,NA,NA,NA,NA,NA,NA,NA,0,0,0,0,0,0,NA,NA,NA,NA,NA
"110010074012","172041","0","Yes",420,395,340,315,NA,NA,NA,NA,NA,NA,NA,NA,NA,NA,0,0,0,0,0,0,NA,NA,NA,NA,NA
"110010074031","330203","0","Yes",1150,795,675,530,NA,NA,NA,NA,NA,NA,NA,NA,NA,NA,0,0,0,0,0,0,NA,NA,NA,NA,NA
"110010074041","360629","0","Yes",965,830,620,590,NA,NA,NA,NA,NA,NA,NA,NA,NA,NA,0,0,0,0,0,0,NA,NA,NA,NA,NA
"110010074042","253198","0","Yes",480,285,325,235,NA,NA,NA,NA,NA,NA,NA,NA,NA,NA,0,0,0,0,0,0,NA,NA,NA,NA,NA
"110010074043","199385","0","Yes",50,50,50,50,NA,NA,NA,NA,NA,NA,NA,NA,NA,NA,0,0,0,0,0,0,NA,NA,NA,NA,NA
"110010074061","174626","0","Yes",705,475,570,370,NA,NA,NA,NA,NA,NA,NA,NA,NA,NA,0,0,0,0,0,0,NA,NA,NA,NA,NA
"110010074062","185526","0","Yes",490,430,400,360,NA,NA,NA,NA,NA,NA,NA,NA,NA,NA,0,0,0,0,0,0,NA,NA,NA,NA,NA
"110010074071","335333","0","Yes",225,165,140,105,NA,NA,NA,NA,NA,NA,NA,NA,NA,NA,0,0,0,0,0,0,NA,NA,NA,NA,NA
"110010074072","269340","0","Yes",650,385,460,290,NA,NA,NA,NA,NA,NA,NA,NA,NA,NA,0,0,0,0,0,0,NA,NA,NA,NA,NA
"110010074081","376318","58","Yes",1140,975,840,700,NA,NA,NA,NA,NA,NA,NA,NA,NA,NA,0,0,0,0,0,0,NA,NA,NA,NA,NA
"110010074091","84235","0","Yes",235,195,70,70,NA,NA,NA,NA,NA,NA,NA,NA,NA,NA,0,0,0,0,0,0,NA,NA,NA,NA,NA
"110010074092","157704","0","Yes",540,425,450,340,NA,NA,NA,NA,NA,NA,NA,NA,NA,NA,0,0,0,0,0,0,NA,NA,NA,NA,NA
"110010074093","155846","0","Yes",570,420,465,355,NA,NA,NA,NA,NA,NA,NA,NA,NA,NA,0,0,0,0,0,0,NA,NA,NA,NA,NA
"110010075021","269763","0","Yes",1265,1025,715,605,NA,NA,NA,NA,NA,NA,NA,NA,NA,NA,0,0,0,0,0,0,NA,NA,NA,NA,NA
"110010075022","346035","0","Yes",445,380,240,220,NA,NA,NA,NA,NA,NA,NA,NA,NA,NA,0,0,0,0,0,0,NA,NA,NA,NA,NA
"110010075031","278553","0","Yes",150,100,130,95,NA,NA,NA,NA,NA,NA,NA,NA,NA,NA,0,0,0,0,0,0,NA,NA,NA,NA,NA
"110010075032","221258","0","Yes",855,635,660,525,NA,NA,NA,NA,NA,NA,NA,NA,NA,NA,0,0,0,0,0,0,NA,NA,NA,NA,NA
"110010075041","796618","0","Yes",925,635,750,540,NA,NA,NA,NA,NA,NA,NA,NA,NA,NA,0,0,0,0,0,0,NA,NA,NA,NA,NA
"110010076011","116995","0","Yes",125,45,115,45,NA,NA,NA,NA,NA,NA,NA,NA,NA,NA,0,0,0,0,0,0,NA,NA,NA,NA,NA
"110010076012","160722","0","Yes",15,15,0,0,NA,NA,NA,NA,NA,NA,NA,NA,NA,NA,0,0,0,0,0,0,NA,NA,NA,NA,NA
"110010076013","170685","0","Yes",545,310,320,220,NA,NA,NA,NA,NA,NA,NA,NA,NA,NA,0,0,0,0,0,0,NA,NA,NA,NA,NA
"110010076014","122963","0","Yes",195,120,175,120,NA,NA,NA,NA,NA,NA,NA,NA,NA,NA,0,0,0,0,0,0,NA,NA,NA,NA,NA
"110010076015","535923","141529","Yes",210,160,210,160,NA,NA,NA,NA,NA,NA,NA,NA,NA,NA,0,0,0,0,0,0,NA,NA,NA,NA,NA
"110010076031","211163","0","Yes",335,280,225,180,NA,NA,NA,NA,NA,NA,NA,NA,NA,NA,0,0,0,0,0,0,NA,NA,NA,NA,NA
"110010076032","326908","0","Yes",65,50,65,50,NA,NA,NA,NA,NA,NA,NA,NA,NA,NA,0,0,0,0,0,0,NA,NA,NA,NA,NA
"110010076033","385942","0","Yes",360,260,230,165,NA,NA,NA,NA,NA,NA,NA,NA,NA,NA,0,0,0,0,0,0,NA,NA,NA,NA,NA
"110010076034","302605","0","Yes",70,0,70,0,NA,NA,NA,NA,NA,NA,NA,NA,NA,NA,0,0,0,0,0,0,NA,NA,NA,NA,NA
"110010076041","168411","0","Yes",430,395,395,395,NA,NA,NA,NA,NA,NA,NA,NA,NA,NA,0,0,0,0,0,0,NA,NA,NA,NA,NA
"110010076042","818181","0","Yes",215,55,130,0,NA,NA,NA,NA,NA,NA,NA,NA,NA,NA,0,0,0,0,0,0,NA,NA,NA,NA,NA
"110010076043","382986","0","Yes",235,85,170,50,NA,NA,NA,NA,NA,NA,NA,NA,NA,NA,0,0,0,0,0,0,NA,NA,NA,NA,NA
"110010076051","128873","0","Yes",85,0,70,0,NA,NA,NA,NA,NA,NA,NA,NA,NA,NA,0,0,0,0,0,0,NA,NA,NA,NA,NA
"110010076052","240938","0","Yes",470,305,295,180,NA,NA,NA,NA,NA,NA,NA,NA,NA,NA,0,0,0,0,0,0,NA,NA,NA,NA,NA
"110010076053","83980","0","Yes",265,160,185,90,NA,NA,NA,NA,NA,NA,NA,NA,NA,NA,0,0,0,0,0,0,NA,NA,NA,NA,NA
"110010077031","372482","0","Yes",210,35,130,15,NA,NA,NA,NA,NA,NA,NA,NA,NA,NA,0,0,0,0,0,0,NA,NA,NA,NA,NA
"110010077032","304409","1059","Yes",375,280,185,135,NA,NA,NA,NA,NA,NA,NA,NA,NA,NA,0,0,0,0,0,0,NA,NA,NA,NA,NA
"110010077033","261569","0","Yes",1285,1135,1025,965,NA,NA,NA,NA,NA,NA,NA,NA,NA,NA,0,0,0,0,0,0,NA,NA,NA,NA,NA
"110010077034","78806","0","Yes",95,40,95,40,NA,NA,NA,NA,NA,NA,NA,NA,NA,NA,0,0,0,0,0,0,NA,NA,NA,NA,NA
"110010077071","376361","0","Yes",1040,915,660,585,NA,NA,NA,NA,NA,NA,NA,NA,NA,NA,0,0,0,0,0,0,NA,NA,NA,NA,NA
"110010077072","466491","0","Yes",330,135,180,35,NA,NA,NA,NA,NA,NA,NA,NA,NA,NA,0,0,0,0,0,0,NA,NA,NA,NA,NA
"110010077081","131192","0","Yes",600,465,390,355,NA,NA,NA,NA,NA,NA,NA,NA,NA,NA,0,0,0,0,0,0,NA,NA,NA,NA,NA
"110010077082","605929","124915","Yes",305,105,230,90,NA,NA,NA,NA,NA,NA,NA,NA,NA,NA,0,0,0,0,0,0,NA,NA,NA,NA,NA
"110010077091","686174","86864","Yes",235,170,80,65,NA,NA,NA,NA,NA,NA,NA,NA,NA,NA,0,0,0,0,0,0,NA,NA,NA,NA,NA
"110010077092","151847","0","Yes",215,95,115,35,NA,NA,NA,NA,NA,NA,NA,NA,NA,NA,0,0,0,0,0,0,NA,NA,NA,NA,NA
"110010078031","489471","1639","Yes",240,215,90,65,NA,NA,NA,NA,NA,NA,NA,NA,NA,NA,0,0,0,0,0,0,NA,NA,NA,NA,NA
"110010078032","137978","0","Yes",85,45,50,35,NA,NA,NA,NA,NA,NA,NA,NA,NA,NA,0,0,0,0,0,0,NA,NA,NA,NA,NA
"110010078033","179142","0","Yes",210,0,210,0,NA,NA,NA,NA,NA,NA,NA,NA,NA,NA,0,0,0,0,0,0,NA,NA,NA,NA,NA
"110010078034","201170","0","Yes",290,265,220,215,NA,NA,NA,NA,NA,NA,NA,NA,NA,NA,0,0,0,0,0,0,NA,NA,NA,NA,NA
"110010078041","270529","4303","Yes",195,140,135,80,NA,NA,NA,NA,NA,NA,NA,NA,NA,NA,0,0,0,0,0,0,NA,NA,NA,NA,NA
"110010078042","355707","0","Yes",420,400,330,320,NA,NA,NA,NA,NA,NA,NA,NA,NA,NA,0,0,0,0,0,0,NA,NA,NA,NA,NA
"110010078043","213595","0","Yes",155,55,130,30,NA,NA,NA,NA,NA,NA,NA,NA,NA,NA,0,0,0,0,0,0,NA,NA,NA,NA,NA
"110010078061","296288","0","Yes",220,145,85,40,NA,NA,NA,NA,NA,NA,NA,NA,NA,NA,0,0,0,0,0,0,NA,NA,NA,NA,NA
"110010078062","392579","0","Yes",270,215,240,205,NA,NA,NA,NA,NA,NA,NA,NA,NA,NA,0,0,0,0,0,0,NA,NA,NA,NA,NA
"110010078071","241360","0","No",340,145,235,110,"110010078072",95,230,50,140,"110010078083",210,410,180,230,450,980,45.9183673469388,340,605,56.198347107438,3,0,3,2,1
"110010078072","281389","0","No",230,95,140,50,"110010078081",270,505,235,470,"110010078091",345,485,250,350,710,1220,58.1967213114754,535,960,55.7291666666667,21,17,4,15,6
"110010078081","304113","1669","Yes",505,270,470,235,NA,NA,NA,NA,NA,NA,NA,NA,NA,NA,0,0,0,0,0,0,NA,NA,NA,NA,NA
"110010078082","372876","3039","Yes",205,75,25,0,NA,NA,NA,NA,NA,NA,NA,NA,NA,NA,0,0,0,0,0,0,NA,NA,NA,NA,NA
"110010078083","260774","2104","Yes",410,210,230,180,NA,NA,NA,NA,NA,NA,NA,NA,NA,NA,0,0,0,0,0,0,NA,NA,NA,NA,NA
"110010078091","255912","0","Yes",485,345,350,250,NA,NA,NA,NA,NA,NA,NA,NA,NA,NA,0,0,0,0,0,0,NA,NA,NA,NA,NA
"110010078092","279342","0","Yes",240,215,105,90,NA,NA,NA,NA,NA,NA,NA,NA,NA,NA,0,0,0,0,0,0,NA,NA,NA,NA,NA
"110010079011","90952","0","Yes",30,20,30,20,NA,NA,NA,NA,NA,NA,NA,NA,NA,NA,0,0,0,0,0,0,NA,NA,NA,NA,NA
"110010079012","93911","0","No",170,40,110,20,NA,NA,NA,NA,NA,NA,NA,NA,NA,NA,0,0,0,0,0,0,15,0,15,0,15
"110010079013","92164","0","No",390,95,260,75,NA,NA,NA,NA,NA,NA,NA,NA,NA,NA,0,0,0,0,0,0,15,0,15,0,15
"110010079014","124343","0","Yes",195,135,95,55,NA,NA,NA,NA,NA,NA,NA,NA,NA,NA,0,0,0,0,0,0,NA,NA,NA,NA,NA
"110010079031","247945","0","No",405,155,275,80,NA,NA,NA,NA,NA,NA,NA,NA,NA,NA,0,0,0,0,0,0,28,0,28,0,28
"110010080011","84127","0","No",115,0,90,0,NA,NA,NA,NA,NA,NA,NA,NA,NA,NA,0,0,0,0,0,0,6,0,6,0,6
"110010080012","161802","0","No",210,10,200,0,NA,NA,NA,NA,NA,NA,NA,NA,NA,NA,0,0,0,0,0,0,21,0,21,0,21
"110010080013","76866","0","No",245,0,245,0,NA,NA,NA,NA,NA,NA,NA,NA,NA,NA,0,0,0,0,0,0,10,0,10,0,10
"110010080021","273616","0","No",110,0,95,0,NA,NA,NA,NA,NA,NA,NA,NA,NA,NA,0,0,0,0,0,0,21,0,21,0,21
"110010080022","306013","0","No",440,10,380,4,NA,NA,NA,NA,NA,NA,NA,NA,NA,NA,0,0,0,0,0,0,45,0,45,0,45
"110010081001","70933","0","No",125,20,125,20,NA,NA,NA,NA,NA,NA,NA,NA,NA,NA,0,0,0,0,0,0,21,0,21,0,21
"110010081002","126022","0","No",280,0,230,0,NA,NA,NA,NA,NA,NA,NA,NA,NA,NA,0,0,0,0,0,0,15,0,15,0,15
"110010081003","93328","0","No",95,0,95,0,NA,NA,NA,NA,NA,NA,NA,NA,NA,NA,0,0,0,0,0,0,15,0,15,0,15
"110010082001","88135","0","No",230,0,125,0,NA,NA,NA,NA,NA,NA,NA,NA,NA,NA,0,0,0,0,0,0,15,0,15,0,15
"110010082002","250289","0","No",155,0,150,0,NA,NA,NA,NA,NA,NA,NA,NA,NA,NA,0,0,0,0,0,0,10,0,10,0,10
"110010083011","139925","0","No",125,0,100,0,NA,NA,NA,NA,NA,NA,NA,NA,NA,NA,0,0,0,0,0,0,10,0,10,0,10
"110010083012","164048","0","No",140,0,115,0,NA,NA,NA,NA,NA,NA,NA,NA,NA,NA,0,0,0,0,0,0,15,0,15,0,15
"110010083021","260891","0","No",335,35,260,0,NA,NA,NA,NA,NA,NA,NA,NA,NA,NA,0,0,0,0,0,0,55,0,55,0,55
"110010084021","137971","0","No",140,10,125,10,"110010088022",295,455,200,300,"110010079014",135,195,55,95,440,790,55.6962025316456,265,520,50.9615384615385,28,1,27,1,27
"110010084022","136209","0","No",20,0,20,0,NA,NA,NA,NA,NA,NA,NA,NA,NA,NA,0,0,0,0,0,0,10,0,10,0,10
"110010084101","219938","0","No",175,25,125,10,"110010106003",0,120,0,120,"110010088031",320,385,235,280,345,680,50.7352941176471,245,525,46.6666666666667,28,7,21,4,24
"110010087011","265509","0","No",135,0,115,0,"110010087012",80,115,80,85,"110010087021",150,255,100,160,230,505,45.5445544554455,180,360,50,21,0,21,1,20
"110010087012","117178","0","Yes",115,80,85,80,NA,NA,NA,NA,NA,NA,NA,NA,NA,NA,0,0,0,0,0,0,NA,NA,NA,NA,NA
"110010087021","226525","0","Yes",255,150,160,100,NA,NA,NA,NA,NA,NA,NA,NA,NA,NA,0,0,0,0,0,0,NA,NA,NA,NA,NA
"110010087022","243447","0","No",50,0,50,0,"110010106002",0,185,0,130,"110010088031",320,385,235,280,320,620,51.6129032258064,235,460,51.0869565217391,15,10,5,9,6
"110010088021","67436","0","Yes",90,25,35,15,NA,NA,NA,NA,NA,NA,NA,NA,NA,NA,0,0,0,0,0,0,NA,NA,NA,NA,NA
"110010088022","127552","0","Yes",455,295,300,200,NA,NA,NA,NA,NA,NA,NA,NA,NA,NA,0,0,0,0,0,0,NA,NA,NA,NA,NA
"110010088023","180747","0","Yes",185,60,135,45,NA,NA,NA,NA,NA,NA,NA,NA,NA,NA,0,0,0,0,0,0,NA,NA,NA,NA,NA
"110010088024","92843","0","Yes",85,55,85,55,NA,NA,NA,NA,NA,NA,NA,NA,NA,NA,0,0,0,0,0,0,NA,NA,NA,NA,NA
"110010088031","1165234","0","Yes",385,320,280,235,NA,NA,NA,NA,NA,NA,NA,NA,NA,NA,0,0,0,0,0,0,NA,NA,NA,NA,NA
"110010088041","97707","0","No",160,55,90,4,"110010088024",55,85,55,85,"110010088031",320,385,235,280,430,630,68.2539682539683,294,455,64.6153846153846,6,3,3,3,3
"110010088042","680345","0","Yes",275,125,135,90,NA,NA,NA,NA,NA,NA,NA,NA,NA,NA,0,0,0,0,0,0,NA,NA,NA,NA,NA
"110010089031","222855","0","Yes",630,505,545,435,NA,NA,NA,NA,NA,NA,NA,NA,NA,NA,0,0,0,0,0,0,NA,NA,NA,NA,NA
"110010089032","82796","0","Yes",235,200,190,160,NA,NA,NA,NA,NA,NA,NA,NA,NA,NA,0,0,0,0,0,0,NA,NA,NA,NA,NA
"110010089041","279217","0","No",455,195,365,120,"110010079031",155,405,80,275,"110010089032",200,235,160,190,550,1095,50.2283105022831,360,830,43.3734939759036,10,6,4,4,6
"110010089042","170126","0","No",165,70,155,70,"110010079011",20,30,20,30,"110010089032",200,235,160,190,290,430,67.4418604651163,250,375,66.6666666666667,28,18,10,15,13
"110010090001","1183843","32262","No",230,40,190,0,"110010111003",30,165,25,135,"110010096011",545,660,325,405,615,1055,58.2938388625592,350,730,47.945205479452,6,3,3,0,6
"110010090002","246166","0","No",260,55,195,15,NA,NA,NA,NA,NA,NA,NA,NA,NA,NA,0,0,0,0,0,0,1,0,1,0,1
"110010091021","254842","453","Yes",220,45,120,25,NA,NA,NA,NA,NA,NA,NA,NA,NA,NA,0,0,0,0,0,0,NA,NA,NA,NA,NA
"110010091022","1431938","0","Yes",635,460,425,300,NA,NA,NA,NA,NA,NA,NA,NA,NA,NA,0,0,0,0,0,0,NA,NA,NA,NA,NA
"110010091023","148559","0","Yes",720,550,465,325,NA,NA,NA,NA,NA,NA,NA,NA,NA,NA,0,0,0,0,0,0,NA,NA,NA,NA,NA
"110010092011","640834","0","No",550,215,415,95,"110010095013",155,335,105,240,"110010092042",370,565,300,495,740,1450,51.0344827586207,500,1150,43.4782608695652,28,1,27,0,28
"110010092031","361428","0","No",435,45,410,40,NA,NA,NA,NA,NA,NA,NA,NA,NA,NA,0,0,0,0,0,0,15,0,15,0,15
"110010092032","219661","0","No",115,15,90,15,"110010087012",80,115,80,85,"110010087021",150,255,100,160,245,485,50.5154639175258,195,335,58.2089552238806,28,4,24,4,24
"110010092041","123467","0","Yes",125,10,115,0,NA,NA,NA,NA,NA,NA,NA,NA,NA,NA,0,0,0,0,0,0,NA,NA,NA,NA,NA
"110010092042","179328","0","Yes",565,370,495,300,NA,NA,NA,NA,NA,NA,NA,NA,NA,NA,0,0,0,0,0,0,NA,NA,NA,NA,NA
"110010093011","229856","0","No",135,60,90,30,NA,NA,NA,NA,NA,NA,NA,NA,NA,NA,0,0,0,0,0,0,6,0,6,0,6
"110010093012","368893","0","No",175,4,165,4,NA,NA,NA,NA,NA,NA,NA,NA,NA,NA,0,0,0,0,0,0,21,0,21,0,21
"110010093013","296173","0","No",215,35,195,35,"110010093021",15,105,15,95,"110010091022",460,635,300,425,510,955,53.4031413612565,350,715,48.951048951049,28,4,24,1,27
"110010093014","202375","0","No",150,0,130,0,NA,NA,NA,NA,NA,NA,NA,NA,NA,NA,0,0,0,0,0,0,15,0,15,0,15
"110010093021","398354","0","No",105,15,95,15,"110010087021",150,255,100,160,"110010091022",460,635,300,425,625,995,62.8140703517588,415,680,61.0294117647059,21,7,14,4,17
"110010094001","432795","0","No",125,10,85,0,NA,NA,NA,NA,NA,NA,NA,NA,NA,NA,0,0,0,0,0,0,6,0,6,0,6
"110010094002","447304","0","Yes",445,225,315,130,NA,NA,NA,NA,NA,NA,NA,NA,NA,NA,0,0,0,0,0,0,NA,NA,NA,NA,NA
"110010094003","475624","0","No",405,10,255,0,NA,NA,NA,NA,NA,NA,NA,NA,NA,NA,0,0,0,0,0,0,6,0,6,0,6
"110010094004","227119","0","No",150,20,105,10,NA,NA,NA,NA,NA,NA,NA,NA,NA,NA,0,0,0,0,0,0,6,0,6,0,6
"110010095011","552871","0","Yes",1020,635,905,535,NA,NA,NA,NA,NA,NA,NA,NA,NA,NA,0,0,0,0,0,0,NA,NA,NA,NA,NA
"110010095012","155252","0","Yes",185,80,170,80,NA,NA,NA,NA,NA,NA,NA,NA,NA,NA,0,0,0,0,0,0,NA,NA,NA,NA,NA
"110010095013","887146","0","Yes",335,155,240,105,NA,NA,NA,NA,NA,NA,NA,NA,NA,NA,0,0,0,0,0,0,NA,NA,NA,NA,NA
"110010095031","669405","746","No",395,40,265,25,NA,NA,NA,NA,NA,NA,NA,NA,NA,NA,0,0,0,0,0,0,21,0,21,0,21
"110010095032","526134","0","No",180,10,85,10,NA,NA,NA,NA,NA,NA,NA,NA,NA,NA,0,0,0,0,0,0,21,0,21,0,21
"110010095033","227323","0","No",150,0,150,0,NA,NA,NA,NA,NA,NA,NA,NA,NA,NA,0,0,0,0,0,0,15,0,15,0,15
"110010095041","471303","0","No",240,15,225,15,"110010095011",635,1020,535,905,"110010095013",155,335,105,240,805,1595,50.4702194357367,655,1370,47.8102189781022,21,1,20,0,21
"110010095042","555040","0","No",170,0,120,0,"110010095011",635,1020,535,905,"110010095013",155,335,105,240,790,1525,51.8032786885246,640,1265,50.5928853754941,21,1,20,2,19
"110010095051","171941","0","No",105,40,105,40,NA,NA,NA,NA,NA,NA,NA,NA,NA,NA,0,0,0,0,0,0,1,0,1,0,1
"110010095052","474721","0","No",35,0,35,0,NA,NA,NA,NA,NA,NA,NA,NA,NA,NA,0,0,0,0,0,0,21,0,21,0,21
"110010095053","387191","0","Yes",375,210,315,155,NA,NA,NA,NA,NA,NA,NA,NA,NA,NA,0,0,0,0,0,0,NA,NA,NA,NA,NA
"110010095071","293853","0","No",405,150,335,135,NA,NA,NA,NA,NA,NA,NA,NA,NA,NA,0,0,0,0,0,0,3,0,3,0,3
"110010095081","457931","0","No",105,20,60,20,"110010095083",55,250,55,210,"110010095011",635,1020,535,905,710,1375,51.6363636363636,610,1175,51.9148936170213,36,15,21,13,23
"110010095082","249822","0","No",255,55,230,30,NA,NA,NA,NA,NA,NA,NA,NA,NA,NA,0,0,0,0,0,0,3,0,3,0,3
"110010095083","229364","28","No",250,55,210,55,NA,NA,NA,NA,NA,NA,NA,NA,NA,NA,0,0,0,0,0,0,10,0,10,0,10
"110010095091","178404","0","No",425,180,385,180,NA,NA,NA,NA,NA,NA,NA,NA,NA,NA,0,0,0,0,0,0,10,0,10,0,10
"110010095092","212663","0","No",165,10,15,0,NA,NA,NA,NA,NA,NA,NA,NA,NA,NA,0,0,0,0,0,0,6,0,6,0,6
"110010095093","253001","0","No",240,40,225,40,"110010095011",635,1020,535,905,"110010095081",20,105,20,60,695,1365,50.9157509157509,595,1190,50,15,2,13,2,13
"110010096011","1884942","180632","Yes",660,545,405,325,NA,NA,NA,NA,NA,NA,NA,NA,NA,NA,0,0,0,0,0,0,NA,NA,NA,NA,NA
"110010096021","456548","0","Yes",525,455,395,355,NA,NA,NA,NA,NA,NA,NA,NA,NA,NA,0,0,0,0,0,0,NA,NA,NA,NA,NA
"110010096022","841473","65712","Yes",695,580,555,470,NA,NA,NA,NA,NA,NA,NA,NA,NA,NA,0,0,0,0,0,0,NA,NA,NA,NA,NA
"110010096031","255929","0","Yes",305,175,215,100,NA,NA,NA,NA,NA,NA,NA,NA,NA,NA,0,0,0,0,0,0,NA,NA,NA,NA,NA
"110010096032","191942","0","Yes",115,25,35,15,NA,NA,NA,NA,NA,NA,NA,NA,NA,NA,0,0,0,0,0,0,NA,NA,NA,NA,NA
"110010096033","177858","0","Yes",325,255,290,245,NA,NA,NA,NA,NA,NA,NA,NA,NA,NA,0,0,0,0,0,0,NA,NA,NA,NA,NA
"110010096041","275080","65762","No",185,20,165,20,"110010111003",30,165,25,135,"110010077081",465,600,355,390,515,950,54.2105263157895,400,690,57.9710144927536,21,12,9,14,7
"110010096042","212990","0","No",125,10,70,0,"110010078031",215,240,65,90,"110010096021",455,525,355,395,680,890,76.4044943820225,420,555,75.6756756756757,10,8,2,9,1
"110010097001","313806","6751","Yes",800,635,605,515,NA,NA,NA,NA,NA,NA,NA,NA,NA,NA,0,0,0,0,0,0,NA,NA,NA,NA,NA
"110010097002","89205","0","Yes",240,115,145,35,NA,NA,NA,NA,NA,NA,NA,NA,NA,NA,0,0,0,0,0,0,NA,NA,NA,NA,NA
"110010098011","431383","17249","Yes",895,695,630,460,NA,NA,NA,NA,NA,NA,NA,NA,NA,NA,0,0,0,0,0,0,NA,NA,NA,NA,NA
"110010098021","86560","0","Yes",320,300,255,235,NA,NA,NA,NA,NA,NA,NA,NA,NA,NA,0,0,0,0,0,0,NA,NA,NA,NA,NA
"110010098022","114185","0","Yes",355,255,190,155,NA,NA,NA,NA,NA,NA,NA,NA,NA,NA,0,0,0,0,0,0,NA,NA,NA,NA,NA
"110010098031","213645","0","Yes",325,245,195,185,NA,NA,NA,NA,NA,NA,NA,NA,NA,NA,0,0,0,0,0,0,NA,NA,NA,NA,NA
"110010098032","139759","0","Yes",270,220,190,140,NA,NA,NA,NA,NA,NA,NA,NA,NA,NA,0,0,0,0,0,0,NA,NA,NA,NA,NA
"110010098033","177654","0","Yes",260,170,190,105,NA,NA,NA,NA,NA,NA,NA,NA,NA,NA,0,0,0,0,0,0,NA,NA,NA,NA,NA
"110010098041","352693","0","Yes",645,525,395,315,NA,NA,NA,NA,NA,NA,NA,NA,NA,NA,0,0,0,0,0,0,NA,NA,NA,NA,NA
"110010098042","165671","0","Yes",240,160,145,100,NA,NA,NA,NA,NA,NA,NA,NA,NA,NA,0,0,0,0,0,0,NA,NA,NA,NA,NA
"110010098071","528583","0","Yes",65,30,15,10,NA,NA,NA,NA,NA,NA,NA,NA,NA,NA,0,0,0,0,0,0,NA,NA,NA,NA,NA
"110010098072","508431","0","Yes",500,295,390,225,NA,NA,NA,NA,NA,NA,NA,NA,NA,NA,0,0,0,0,0,0,NA,NA,NA,NA,NA
"110010098101","284881","14058","Yes",525,330,505,320,NA,NA,NA,NA,NA,NA,NA,NA,NA,NA,0,0,0,0,0,0,NA,NA,NA,NA,NA
"110010098102","113539","0","Yes",255,200,255,200,NA,NA,NA,NA,NA,NA,NA,NA,NA,NA,0,0,0,0,0,0,NA,NA,NA,NA,NA
"110010098111","236064","0","Yes",600,540,405,385,NA,NA,NA,NA,NA,NA,NA,NA,NA,NA,0,0,0,0,0,0,NA,NA,NA,NA,NA
"110010098112","231440","0","Yes",930,615,570,410,NA,NA,NA,NA,NA,NA,NA,NA,NA,NA,0,0,0,0,0,0,NA,NA,NA,NA,NA
"110010099011","259978","0","No",220,80,175,60,"110010077091",170,235,65,80,"110010077092",95,215,35,115,345,670,51.4925373134328,160,370,43.2432432432432,10,1,9,0,10
"110010099012","1842173","0","No",260,0,125,0,"110010077032",280,375,135,185,"110010077033",1135,1285,965,1025,1415,1920,73.6979166666667,1100,1335,82.3970037453184,45,10,35,10,35
"110010099021","1011622","0","No",150,15,65,0,"110010077032",280,375,135,185,"110010077072",135,330,35,180,430,855,50.2923976608187,170,430,39.5348837209302,21,5,16,2,19
"110010099022","282937","0","No",445,125,295,70,NA,NA,NA,NA,NA,NA,NA,NA,NA,NA,0,0,0,0,0,0,3,0,3,0,3
"110010099031","166883","0","Yes",310,200,195,100,NA,NA,NA,NA,NA,NA,NA,NA,NA,NA,0,0,0,0,0,0,NA,NA,NA,NA,NA
"110010099032","216796","0","Yes",145,50,130,40,NA,NA,NA,NA,NA,NA,NA,NA,NA,NA,0,0,0,0,0,0,NA,NA,NA,NA,NA
"110010099041","213546","0","Yes",270,85,205,85,NA,NA,NA,NA,NA,NA,NA,NA,NA,NA,0,0,0,0,0,0,NA,NA,NA,NA,NA
"110010099042","212652","0","Yes",635,445,430,325,NA,NA,NA,NA,NA,NA,NA,NA,NA,NA,0,0,0,0,0,0,NA,NA,NA,NA,NA
"110010099051","185975","0","Yes",320,190,260,135,NA,NA,NA,NA,NA,NA,NA,NA,NA,NA,0,0,0,0,0,0,NA,NA,NA,NA,NA
"110010099052","141794","0","Yes",150,45,120,20,NA,NA,NA,NA,NA,NA,NA,NA,NA,NA,0,0,0,0,0,0,NA,NA,NA,NA,NA
"110010099053","103788","0","Yes",200,155,155,125,NA,NA,NA,NA,NA,NA,NA,NA,NA,NA,0,0,0,0,0,0,NA,NA,NA,NA,NA
"110010099061","252684","0","No",330,135,165,25,"110010077031",35,210,15,130,"110010099072",575,705,380,480,745,1245,59.8393574297189,420,775,54.1935483870968,15,5,10,4,11
"110010099071","139647","0","Yes",150,30,130,30,NA,NA,NA,NA,NA,NA,NA,NA,NA,NA,0,0,0,0,0,0,NA,NA,NA,NA,NA
"110010099072","327307","0","Yes",705,575,480,380,NA,NA,NA,NA,NA,NA,NA,NA,NA,NA,0,0,0,0,0,0,NA,NA,NA,NA,NA
"110010101001","394641","0","No",105,15,95,0,"110010101002",30,45,15,20,"110010049022",260,380,220,315,305,530,57.5471698113208,235,430,54.6511627906977,21,4,17,5,16
"110010101002","185492","0","Yes",45,30,20,15,NA,NA,NA,NA,NA,NA,NA,NA,NA,NA,0,0,0,0,0,0,NA,NA,NA,NA,NA
"110010102001","345019","0","No",95,40,85,40,NA,NA,NA,NA,NA,NA,NA,NA,NA,NA,0,0,0,0,0,0,3,0,3,0,3
"110010102002","898375","137330","No",115,0,110,0,NA,NA,NA,NA,NA,NA,NA,NA,NA,NA,0,0,0,0,0,0,21,0,21,0,21
"110010103001","586015","61","Yes",140,30,85,10,NA,NA,NA,NA,NA,NA,NA,NA,NA,NA,0,0,0,0,0,0,NA,NA,NA,NA,NA
"110010103002","241334","0","Yes",165,105,135,75,NA,NA,NA,NA,NA,NA,NA,NA,NA,NA,0,0,0,0,0,0,NA,NA,NA,NA,NA
"110010103003","257181","0","Yes",225,140,145,100,NA,NA,NA,NA,NA,NA,NA,NA,NA,NA,0,0,0,0,0,0,NA,NA,NA,NA,NA
"110010104001","582284","0","Yes",495,365,385,270,NA,NA,NA,NA,NA,NA,NA,NA,NA,NA,0,0,0,0,0,0,NA,NA,NA,NA,NA
"110010104002","2162160","83","Yes",710,360,430,285,NA,NA,NA,NA,NA,NA,NA,NA,NA,NA,0,0,0,0,0,0,NA,NA,NA,NA,NA
"110010105001","330001","0","Yes",230,120,135,50,NA,NA,NA,NA,NA,NA,NA,NA,NA,NA,0,0,0,0,0,0,NA,NA,NA,NA,NA
"110010105002","419888","0","No",100,0,100,0,NA,NA,NA,NA,NA,NA,NA,NA,NA,NA,0,0,0,0,0,0,15,0,15,0,15
"110010106001","77977","0","Yes",165,95,120,60,NA,NA,NA,NA,NA,NA,NA,NA,NA,NA,0,0,0,0,0,0,NA,NA,NA,NA,NA
"110010106002","1035410","0","No",185,0,130,0,"110010047011",590,635,410,455,"110010106003",0,120,0,120,590,940,62.7659574468085,410,705,58.1560283687943,105,22,83,21,84
"110010106003","118203","0","No",120,0,120,0,NA,NA,NA,NA,NA,NA,NA,NA,NA,NA,0,0,0,0,0,0,15,0,15,0,15
"110010107001","638278","0","No",0,0,0,0,"110010108001",0,0,0,0,"110010101002",30,45,15,20,30,45,66.6666666666667,15,20,75,15,NA,NA,NA,NA
"110010107002","253315","0","No",10,0,10,0,"110010055005",0,0,0,0,"110010101002",30,45,15,20,30,55,54.5454545454545,15,30,50,15,5,10,5,10
"110010108001","112810","0","No",0,0,0,0,NA,NA,NA,NA,NA,NA,NA,NA,NA,NA,0,0,0,0,0,0,15,NA,NA,NA,NA
"110010108002","425296","0","No",0,0,0,0,NA,NA,NA,NA,NA,NA,NA,NA,NA,NA,0,0,0,0,0,0,6,NA,NA,NA,NA
"110010108003","123473","0","No",0,0,0,0,NA,NA,NA,NA,NA,NA,NA,NA,NA,NA,0,0,0,0,0,0,15,NA,NA,NA,NA
"110010109001","110841","0","Yes",1045,720,775,575,NA,NA,NA,NA,NA,NA,NA,NA,NA,NA,0,0,0,0,0,0,NA,NA,NA,NA,NA
"110010109002","2268991","2936613","Yes",410,410,145,145,NA,NA,NA,NA,NA,NA,NA,NA,NA,NA,0,0,0,0,0,0,NA,NA,NA,NA,NA
"110010110001","35703","0","No",40,0,40,0,"110010064001",115,125,50,65,"110010064002",355,445,255,315,470,610,77.0491803278689,305,420,72.6190476190476,6,4,2,3,3
"110010110002","426213","368702","No",25,0,25,0,"110010110003",0,0,0,0,"110010064002",355,445,255,315,355,470,75.531914893617,255,340,75,21,5,16,5,16
"110010110003","70800","0","No",0,0,0,0,NA,NA,NA,NA,NA,NA,NA,NA,NA,NA,0,0,0,0,0,0,3,0,3,0,3
"110010110004","116753","0","No",90,0,75,0,"110010110003",0,0,0,0,"110010064001",115,125,50,65,115,215,53.4883720930233,50,140,35.7142857142857,21,8,13,6,15
"110010111001","1446199","83","No",460,105,345,85,NA,NA,NA,NA,NA,NA,NA,NA,NA,NA,0,0,0,0,0,0,6,0,6,0,6
"110010111002","704849","0","No",485,120,400,100,NA,NA,NA,NA,NA,NA,NA,NA,NA,NA,0,0,0,0,0,0,15,0,15,0,15
"110010111003","3564778","365458","No",165,30,135,25,"110010079031",155,405,80,275,"110010088031",320,385,235,280,505,955,52.8795811518325,340,690,49.2753623188406,120,73,47,56,64
